CREATE DATABASE  IF NOT EXISTS `ry` /*!40100 DEFAULT CHARACTER SET utf8 */;
USE `ry`;
-- MySQL dump 10.13  Distrib 8.0.22, for Linux (x86_64)
--
-- Host: localhost    Database: ry
-- ------------------------------------------------------
-- Server version	5.7.34

/*!40101 SET @OLD_CHARACTER_SET_CLIENT=@@CHARACTER_SET_CLIENT */;
/*!40101 SET @OLD_CHARACTER_SET_RESULTS=@@CHARACTER_SET_RESULTS */;
/*!40101 SET @OLD_COLLATION_CONNECTION=@@COLLATION_CONNECTION */;
/*!50503 SET NAMES utf8 */;
/*!40103 SET @OLD_TIME_ZONE=@@TIME_ZONE */;
/*!40103 SET TIME_ZONE='+00:00' */;
/*!40014 SET @OLD_UNIQUE_CHECKS=@@UNIQUE_CHECKS, UNIQUE_CHECKS=0 */;
/*!40014 SET @OLD_FOREIGN_KEY_CHECKS=@@FOREIGN_KEY_CHECKS, FOREIGN_KEY_CHECKS=0 */;
/*!40101 SET @OLD_SQL_MODE=@@SQL_MODE, SQL_MODE='NO_AUTO_VALUE_ON_ZERO' */;
/*!40111 SET @OLD_SQL_NOTES=@@SQL_NOTES, SQL_NOTES=0 */;

--
-- Table structure for table `QRTZ_BLOB_TRIGGERS`
--

DROP TABLE IF EXISTS `QRTZ_BLOB_TRIGGERS`;
/*!40101 SET @saved_cs_client     = @@character_set_client */;
/*!50503 SET character_set_client = utf8mb4 */;
CREATE TABLE `QRTZ_BLOB_TRIGGERS` (
  `sched_name` varchar(120) NOT NULL,
  `trigger_name` varchar(200) NOT NULL,
  `trigger_group` varchar(200) NOT NULL,
  `blob_data` blob,
  PRIMARY KEY (`sched_name`,`trigger_name`,`trigger_group`),
  CONSTRAINT `QRTZ_BLOB_TRIGGERS_ibfk_1` FOREIGN KEY (`sched_name`, `trigger_name`, `trigger_group`) REFERENCES `QRTZ_TRIGGERS` (`sched_name`, `trigger_name`, `trigger_group`)
) ENGINE=InnoDB DEFAULT CHARSET=utf8;
/*!40101 SET character_set_client = @saved_cs_client */;

--
-- Dumping data for table `QRTZ_BLOB_TRIGGERS`
--

LOCK TABLES `QRTZ_BLOB_TRIGGERS` WRITE;
/*!40000 ALTER TABLE `QRTZ_BLOB_TRIGGERS` DISABLE KEYS */;
/*!40000 ALTER TABLE `QRTZ_BLOB_TRIGGERS` ENABLE KEYS */;
UNLOCK TABLES;

--
-- Table structure for table `QRTZ_CALENDARS`
--

DROP TABLE IF EXISTS `QRTZ_CALENDARS`;
/*!40101 SET @saved_cs_client     = @@character_set_client */;
/*!50503 SET character_set_client = utf8mb4 */;
CREATE TABLE `QRTZ_CALENDARS` (
  `sched_name` varchar(120) NOT NULL,
  `calendar_name` varchar(200) NOT NULL,
  `calendar` blob NOT NULL,
  PRIMARY KEY (`sched_name`,`calendar_name`)
) ENGINE=InnoDB DEFAULT CHARSET=utf8;
/*!40101 SET character_set_client = @saved_cs_client */;

--
-- Dumping data for table `QRTZ_CALENDARS`
--

LOCK TABLES `QRTZ_CALENDARS` WRITE;
/*!40000 ALTER TABLE `QRTZ_CALENDARS` DISABLE KEYS */;
/*!40000 ALTER TABLE `QRTZ_CALENDARS` ENABLE KEYS */;
UNLOCK TABLES;

--
-- Table structure for table `QRTZ_CRON_TRIGGERS`
--

DROP TABLE IF EXISTS `QRTZ_CRON_TRIGGERS`;
/*!40101 SET @saved_cs_client     = @@character_set_client */;
/*!50503 SET character_set_client = utf8mb4 */;
CREATE TABLE `QRTZ_CRON_TRIGGERS` (
  `sched_name` varchar(120) NOT NULL,
  `trigger_name` varchar(200) NOT NULL,
  `trigger_group` varchar(200) NOT NULL,
  `cron_expression` varchar(200) NOT NULL,
  `time_zone_id` varchar(80) DEFAULT NULL,
  PRIMARY KEY (`sched_name`,`trigger_name`,`trigger_group`),
  CONSTRAINT `QRTZ_CRON_TRIGGERS_ibfk_1` FOREIGN KEY (`sched_name`, `trigger_name`, `trigger_group`) REFERENCES `QRTZ_TRIGGERS` (`sched_name`, `trigger_name`, `trigger_group`)
) ENGINE=InnoDB DEFAULT CHARSET=utf8;
/*!40101 SET character_set_client = @saved_cs_client */;

--
-- Dumping data for table `QRTZ_CRON_TRIGGERS`
--

LOCK TABLES `QRTZ_CRON_TRIGGERS` WRITE;
/*!40000 ALTER TABLE `QRTZ_CRON_TRIGGERS` DISABLE KEYS */;
INSERT INTO `QRTZ_CRON_TRIGGERS` VALUES ('RuoyiScheduler','TASK_CLASS_NAME1','DEFAULT','0/10 * * * * ?','Asia/Shanghai'),('RuoyiScheduler','TASK_CLASS_NAME2','DEFAULT','0/15 * * * * ?','Asia/Shanghai'),('RuoyiScheduler','TASK_CLASS_NAME3','DEFAULT','0/20 * * * * ?','Asia/Shanghai');
/*!40000 ALTER TABLE `QRTZ_CRON_TRIGGERS` ENABLE KEYS */;
UNLOCK TABLES;

--
-- Table structure for table `QRTZ_FIRED_TRIGGERS`
--

DROP TABLE IF EXISTS `QRTZ_FIRED_TRIGGERS`;
/*!40101 SET @saved_cs_client     = @@character_set_client */;
/*!50503 SET character_set_client = utf8mb4 */;
CREATE TABLE `QRTZ_FIRED_TRIGGERS` (
  `sched_name` varchar(120) NOT NULL,
  `entry_id` varchar(95) NOT NULL,
  `trigger_name` varchar(200) NOT NULL,
  `trigger_group` varchar(200) NOT NULL,
  `instance_name` varchar(200) NOT NULL,
  `fired_time` bigint(13) NOT NULL,
  `sched_time` bigint(13) NOT NULL,
  `priority` int(11) NOT NULL,
  `state` varchar(16) NOT NULL,
  `job_name` varchar(200) DEFAULT NULL,
  `job_group` varchar(200) DEFAULT NULL,
  `is_nonconcurrent` varchar(1) DEFAULT NULL,
  `requests_recovery` varchar(1) DEFAULT NULL,
  PRIMARY KEY (`sched_name`,`entry_id`)
) ENGINE=InnoDB DEFAULT CHARSET=utf8;
/*!40101 SET character_set_client = @saved_cs_client */;

--
-- Dumping data for table `QRTZ_FIRED_TRIGGERS`
--

LOCK TABLES `QRTZ_FIRED_TRIGGERS` WRITE;
/*!40000 ALTER TABLE `QRTZ_FIRED_TRIGGERS` DISABLE KEYS */;
/*!40000 ALTER TABLE `QRTZ_FIRED_TRIGGERS` ENABLE KEYS */;
UNLOCK TABLES;

--
-- Table structure for table `QRTZ_JOB_DETAILS`
--

DROP TABLE IF EXISTS `QRTZ_JOB_DETAILS`;
/*!40101 SET @saved_cs_client     = @@character_set_client */;
/*!50503 SET character_set_client = utf8mb4 */;
CREATE TABLE `QRTZ_JOB_DETAILS` (
  `sched_name` varchar(120) NOT NULL,
  `job_name` varchar(200) NOT NULL,
  `job_group` varchar(200) NOT NULL,
  `description` varchar(250) DEFAULT NULL,
  `job_class_name` varchar(250) NOT NULL,
  `is_durable` varchar(1) NOT NULL,
  `is_nonconcurrent` varchar(1) NOT NULL,
  `is_update_data` varchar(1) NOT NULL,
  `requests_recovery` varchar(1) NOT NULL,
  `job_data` blob,
  PRIMARY KEY (`sched_name`,`job_name`,`job_group`)
) ENGINE=InnoDB DEFAULT CHARSET=utf8;
/*!40101 SET character_set_client = @saved_cs_client */;

--
-- Dumping data for table `QRTZ_JOB_DETAILS`
--

LOCK TABLES `QRTZ_JOB_DETAILS` WRITE;
/*!40000 ALTER TABLE `QRTZ_JOB_DETAILS` DISABLE KEYS */;
INSERT INTO `QRTZ_JOB_DETAILS` VALUES ('RuoyiScheduler','TASK_CLASS_NAME1','DEFAULT',NULL,'com.ruoyi.quartz.util.QuartzDisallowConcurrentExecution','0','1','0','0',_binary 'ï¿½\ï¿½\0sr\0org.quartz.JobDataMapï¿½ï¿½ï¿½è¿©ï¿½\ï¿½\0\0xr\0&org.quartz.utils.StringKeyDirtyFlagMapï¿½\ï¿½\ï¿½ï¿½\ï¿½](\0Z\0allowsTransientDataxr\0org.quartz.utils.DirtyFlagMap\ï¿½.ï¿½(v\n\ï¿½\0Z\0dirtyL\0mapt\0Ljava/util/Map;xpsr\0java.util.HashMap\ï¿½ï¿½\ï¿½`\ï¿½\0F\0\nloadFactorI\0	thresholdxp?@\0\0\0\0\0w\0\0\0\0\0\0t\0TASK_PROPERTIESsr\0com.ruoyi.quartz.domain.SysJob\0\0\0\0\0\0\0\0L\0\nconcurrentt\0Ljava/lang/String;L\0cronExpressionq\0~\0	L\0invokeTargetq\0~\0	L\0jobGroupq\0~\0	L\0jobIdt\0Ljava/lang/Long;L\0jobNameq\0~\0	L\0\rmisfirePolicyq\0~\0	L\0statusq\0~\0	xr\0\'com.ruoyi.common.core.domain.BaseEntity\0\0\0\0\0\0\0\0L\0createByq\0~\0	L\0\ncreateTimet\0Ljava/util/Date;L\0paramsq\0~\0L\0remarkq\0~\0	L\0searchValueq\0~\0	L\0updateByq\0~\0	L\0\nupdateTimeq\0~\0xpt\0adminsr\0java.util.Datehjï¿½KYt\0\0xpw\0\0{)Qï¿½Hxpt\0\0pppt\01t\00/10 * * * * ?t\0ryTask.ryNoParamst\0DEFAULTsr\0java.lang.Long;ï¿½\ï¿½Ì#\ï¿½\0J\0valuexr\0java.lang.Numberï¿½ï¿½ï¿½ï¿½\ï¿½ï¿½\0\0xp\0\0\0\0\0\0\0t\0ç³»ç»Ÿé»˜è®¤ï¼ˆæ— å‚ï¼‰t\03t\01x\0'),('RuoyiScheduler','TASK_CLASS_NAME2','DEFAULT',NULL,'com.ruoyi.quartz.util.QuartzDisallowConcurrentExecution','0','1','0','0',_binary 'ï¿½\ï¿½\0sr\0org.quartz.JobDataMapï¿½ï¿½ï¿½è¿©ï¿½\ï¿½\0\0xr\0&org.quartz.utils.StringKeyDirtyFlagMapï¿½\ï¿½\ï¿½ï¿½\ï¿½](\0Z\0allowsTransientDataxr\0org.quartz.utils.DirtyFlagMap\ï¿½.ï¿½(v\n\ï¿½\0Z\0dirtyL\0mapt\0Ljava/util/Map;xpsr\0java.util.HashMap\ï¿½ï¿½\ï¿½`\ï¿½\0F\0\nloadFactorI\0	thresholdxp?@\0\0\0\0\0w\0\0\0\0\0\0t\0TASK_PROPERTIESsr\0com.ruoyi.quartz.domain.SysJob\0\0\0\0\0\0\0\0L\0\nconcurrentt\0Ljava/lang/String;L\0cronExpressionq\0~\0	L\0invokeTargetq\0~\0	L\0jobGroupq\0~\0	L\0jobIdt\0Ljava/lang/Long;L\0jobNameq\0~\0	L\0\rmisfirePolicyq\0~\0	L\0statusq\0~\0	xr\0\'com.ruoyi.common.core.domain.BaseEntity\0\0\0\0\0\0\0\0L\0createByq\0~\0	L\0\ncreateTimet\0Ljava/util/Date;L\0paramsq\0~\0L\0remarkq\0~\0	L\0searchValueq\0~\0	L\0updateByq\0~\0	L\0\nupdateTimeq\0~\0xpt\0adminsr\0java.util.Datehjï¿½KYt\0\0xpw\0\0{)Qï¿½Hxpt\0\0pppt\01t\00/15 * * * * ?t\0ryTask.ryParams(\'ry\')t\0DEFAULTsr\0java.lang.Long;ï¿½\ï¿½Ì#\ï¿½\0J\0valuexr\0java.lang.Numberï¿½ï¿½ï¿½ï¿½\ï¿½ï¿½\0\0xp\0\0\0\0\0\0\0t\0ç³»ç»Ÿé»˜è®¤ï¼ˆæœ‰å‚ï¼‰t\03t\01x\0'),('RuoyiScheduler','TASK_CLASS_NAME3','DEFAULT',NULL,'com.ruoyi.quartz.util.QuartzDisallowConcurrentExecution','0','1','0','0',_binary 'ï¿½\ï¿½\0sr\0org.quartz.JobDataMapï¿½ï¿½ï¿½è¿©ï¿½\ï¿½\0\0xr\0&org.quartz.utils.StringKeyDirtyFlagMapï¿½\ï¿½\ï¿½ï¿½\ï¿½](\0Z\0allowsTransientDataxr\0org.quartz.utils.DirtyFlagMap\ï¿½.ï¿½(v\n\ï¿½\0Z\0dirtyL\0mapt\0Ljava/util/Map;xpsr\0java.util.HashMap\ï¿½ï¿½\ï¿½`\ï¿½\0F\0\nloadFactorI\0	thresholdxp?@\0\0\0\0\0w\0\0\0\0\0\0t\0TASK_PROPERTIESsr\0com.ruoyi.quartz.domain.SysJob\0\0\0\0\0\0\0\0L\0\nconcurrentt\0Ljava/lang/String;L\0cronExpressionq\0~\0	L\0invokeTargetq\0~\0	L\0jobGroupq\0~\0	L\0jobIdt\0Ljava/lang/Long;L\0jobNameq\0~\0	L\0\rmisfirePolicyq\0~\0	L\0statusq\0~\0	xr\0\'com.ruoyi.common.core.domain.BaseEntity\0\0\0\0\0\0\0\0L\0createByq\0~\0	L\0\ncreateTimet\0Ljava/util/Date;L\0paramsq\0~\0L\0remarkq\0~\0	L\0searchValueq\0~\0	L\0updateByq\0~\0	L\0\nupdateTimeq\0~\0xpt\0adminsr\0java.util.Datehjï¿½KYt\0\0xpw\0\0{)Qï¿½Hxpt\0\0pppt\01t\00/20 * * * * ?t\08ryTask.ryMultipleParams(\'ry\', true, 2000L, 316.50D, 100)t\0DEFAULTsr\0java.lang.Long;ï¿½\ï¿½Ì#\ï¿½\0J\0valuexr\0java.lang.Numberï¿½ï¿½ï¿½ï¿½\ï¿½ï¿½\0\0xp\0\0\0\0\0\0\0t\0ç³»ç»Ÿé»˜è®¤ï¼ˆå¤šå‚ï¼‰t\03t\01x\0');
/*!40000 ALTER TABLE `QRTZ_JOB_DETAILS` ENABLE KEYS */;
UNLOCK TABLES;

--
-- Table structure for table `QRTZ_LOCKS`
--

DROP TABLE IF EXISTS `QRTZ_LOCKS`;
/*!40101 SET @saved_cs_client     = @@character_set_client */;
/*!50503 SET character_set_client = utf8mb4 */;
CREATE TABLE `QRTZ_LOCKS` (
  `sched_name` varchar(120) NOT NULL,
  `lock_name` varchar(40) NOT NULL,
  PRIMARY KEY (`sched_name`,`lock_name`)
) ENGINE=InnoDB DEFAULT CHARSET=utf8;
/*!40101 SET character_set_client = @saved_cs_client */;

--
-- Dumping data for table `QRTZ_LOCKS`
--

LOCK TABLES `QRTZ_LOCKS` WRITE;
/*!40000 ALTER TABLE `QRTZ_LOCKS` DISABLE KEYS */;
INSERT INTO `QRTZ_LOCKS` VALUES ('RuoyiScheduler','STATE_ACCESS'),('RuoyiScheduler','TRIGGER_ACCESS');
/*!40000 ALTER TABLE `QRTZ_LOCKS` ENABLE KEYS */;
UNLOCK TABLES;

--
-- Table structure for table `QRTZ_PAUSED_TRIGGER_GRPS`
--

DROP TABLE IF EXISTS `QRTZ_PAUSED_TRIGGER_GRPS`;
/*!40101 SET @saved_cs_client     = @@character_set_client */;
/*!50503 SET character_set_client = utf8mb4 */;
CREATE TABLE `QRTZ_PAUSED_TRIGGER_GRPS` (
  `sched_name` varchar(120) NOT NULL,
  `trigger_group` varchar(200) NOT NULL,
  PRIMARY KEY (`sched_name`,`trigger_group`)
) ENGINE=InnoDB DEFAULT CHARSET=utf8;
/*!40101 SET character_set_client = @saved_cs_client */;

--
-- Dumping data for table `QRTZ_PAUSED_TRIGGER_GRPS`
--

LOCK TABLES `QRTZ_PAUSED_TRIGGER_GRPS` WRITE;
/*!40000 ALTER TABLE `QRTZ_PAUSED_TRIGGER_GRPS` DISABLE KEYS */;
/*!40000 ALTER TABLE `QRTZ_PAUSED_TRIGGER_GRPS` ENABLE KEYS */;
UNLOCK TABLES;

--
-- Table structure for table `QRTZ_SCHEDULER_STATE`
--

DROP TABLE IF EXISTS `QRTZ_SCHEDULER_STATE`;
/*!40101 SET @saved_cs_client     = @@character_set_client */;
/*!50503 SET character_set_client = utf8mb4 */;
CREATE TABLE `QRTZ_SCHEDULER_STATE` (
  `sched_name` varchar(120) NOT NULL,
  `instance_name` varchar(200) NOT NULL,
  `last_checkin_time` bigint(13) NOT NULL,
  `checkin_interval` bigint(13) NOT NULL,
  PRIMARY KEY (`sched_name`,`instance_name`)
) ENGINE=InnoDB DEFAULT CHARSET=utf8;
/*!40101 SET character_set_client = @saved_cs_client */;

--
-- Dumping data for table `QRTZ_SCHEDULER_STATE`
--

LOCK TABLES `QRTZ_SCHEDULER_STATE` WRITE;
/*!40000 ALTER TABLE `QRTZ_SCHEDULER_STATE` DISABLE KEYS */;
INSERT INTO `QRTZ_SCHEDULER_STATE` VALUES ('RuoyiScheduler','gg-X441UVK1633661034694',1633662736135,15000);
/*!40000 ALTER TABLE `QRTZ_SCHEDULER_STATE` ENABLE KEYS */;
UNLOCK TABLES;

--
-- Table structure for table `QRTZ_SIMPLE_TRIGGERS`
--

DROP TABLE IF EXISTS `QRTZ_SIMPLE_TRIGGERS`;
/*!40101 SET @saved_cs_client     = @@character_set_client */;
/*!50503 SET character_set_client = utf8mb4 */;
CREATE TABLE `QRTZ_SIMPLE_TRIGGERS` (
  `sched_name` varchar(120) NOT NULL,
  `trigger_name` varchar(200) NOT NULL,
  `trigger_group` varchar(200) NOT NULL,
  `repeat_count` bigint(7) NOT NULL,
  `repeat_interval` bigint(12) NOT NULL,
  `times_triggered` bigint(10) NOT NULL,
  PRIMARY KEY (`sched_name`,`trigger_name`,`trigger_group`),
  CONSTRAINT `QRTZ_SIMPLE_TRIGGERS_ibfk_1` FOREIGN KEY (`sched_name`, `trigger_name`, `trigger_group`) REFERENCES `QRTZ_TRIGGERS` (`sched_name`, `trigger_name`, `trigger_group`)
) ENGINE=InnoDB DEFAULT CHARSET=utf8;
/*!40101 SET character_set_client = @saved_cs_client */;

--
-- Dumping data for table `QRTZ_SIMPLE_TRIGGERS`
--

LOCK TABLES `QRTZ_SIMPLE_TRIGGERS` WRITE;
/*!40000 ALTER TABLE `QRTZ_SIMPLE_TRIGGERS` DISABLE KEYS */;
/*!40000 ALTER TABLE `QRTZ_SIMPLE_TRIGGERS` ENABLE KEYS */;
UNLOCK TABLES;

--
-- Table structure for table `QRTZ_SIMPROP_TRIGGERS`
--

DROP TABLE IF EXISTS `QRTZ_SIMPROP_TRIGGERS`;
/*!40101 SET @saved_cs_client     = @@character_set_client */;
/*!50503 SET character_set_client = utf8mb4 */;
CREATE TABLE `QRTZ_SIMPROP_TRIGGERS` (
  `sched_name` varchar(120) NOT NULL,
  `trigger_name` varchar(200) NOT NULL,
  `trigger_group` varchar(200) NOT NULL,
  `str_prop_1` varchar(512) DEFAULT NULL,
  `str_prop_2` varchar(512) DEFAULT NULL,
  `str_prop_3` varchar(512) DEFAULT NULL,
  `int_prop_1` int(11) DEFAULT NULL,
  `int_prop_2` int(11) DEFAULT NULL,
  `long_prop_1` bigint(20) DEFAULT NULL,
  `long_prop_2` bigint(20) DEFAULT NULL,
  `dec_prop_1` decimal(13,4) DEFAULT NULL,
  `dec_prop_2` decimal(13,4) DEFAULT NULL,
  `bool_prop_1` varchar(1) DEFAULT NULL,
  `bool_prop_2` varchar(1) DEFAULT NULL,
  PRIMARY KEY (`sched_name`,`trigger_name`,`trigger_group`),
  CONSTRAINT `QRTZ_SIMPROP_TRIGGERS_ibfk_1` FOREIGN KEY (`sched_name`, `trigger_name`, `trigger_group`) REFERENCES `QRTZ_TRIGGERS` (`sched_name`, `trigger_name`, `trigger_group`)
) ENGINE=InnoDB DEFAULT CHARSET=utf8;
/*!40101 SET character_set_client = @saved_cs_client */;

--
-- Dumping data for table `QRTZ_SIMPROP_TRIGGERS`
--

LOCK TABLES `QRTZ_SIMPROP_TRIGGERS` WRITE;
/*!40000 ALTER TABLE `QRTZ_SIMPROP_TRIGGERS` DISABLE KEYS */;
/*!40000 ALTER TABLE `QRTZ_SIMPROP_TRIGGERS` ENABLE KEYS */;
UNLOCK TABLES;

--
-- Table structure for table `QRTZ_TRIGGERS`
--

DROP TABLE IF EXISTS `QRTZ_TRIGGERS`;
/*!40101 SET @saved_cs_client     = @@character_set_client */;
/*!50503 SET character_set_client = utf8mb4 */;
CREATE TABLE `QRTZ_TRIGGERS` (
  `sched_name` varchar(120) NOT NULL,
  `trigger_name` varchar(200) NOT NULL,
  `trigger_group` varchar(200) NOT NULL,
  `job_name` varchar(200) NOT NULL,
  `job_group` varchar(200) NOT NULL,
  `description` varchar(250) DEFAULT NULL,
  `next_fire_time` bigint(13) DEFAULT NULL,
  `prev_fire_time` bigint(13) DEFAULT NULL,
  `priority` int(11) DEFAULT NULL,
  `trigger_state` varchar(16) NOT NULL,
  `trigger_type` varchar(8) NOT NULL,
  `start_time` bigint(13) NOT NULL,
  `end_time` bigint(13) DEFAULT NULL,
  `calendar_name` varchar(200) DEFAULT NULL,
  `misfire_instr` smallint(2) DEFAULT NULL,
  `job_data` blob,
  PRIMARY KEY (`sched_name`,`trigger_name`,`trigger_group`),
  KEY `sched_name` (`sched_name`,`job_name`,`job_group`),
  CONSTRAINT `QRTZ_TRIGGERS_ibfk_1` FOREIGN KEY (`sched_name`, `job_name`, `job_group`) REFERENCES `QRTZ_JOB_DETAILS` (`sched_name`, `job_name`, `job_group`)
) ENGINE=InnoDB DEFAULT CHARSET=utf8;
/*!40101 SET character_set_client = @saved_cs_client */;

--
-- Dumping data for table `QRTZ_TRIGGERS`
--

LOCK TABLES `QRTZ_TRIGGERS` WRITE;
/*!40000 ALTER TABLE `QRTZ_TRIGGERS` DISABLE KEYS */;
INSERT INTO `QRTZ_TRIGGERS` VALUES ('RuoyiScheduler','TASK_CLASS_NAME1','DEFAULT','TASK_CLASS_NAME1','DEFAULT',NULL,1633661040000,-1,5,'PAUSED','CRON',1633661035000,0,NULL,2,''),('RuoyiScheduler','TASK_CLASS_NAME2','DEFAULT','TASK_CLASS_NAME2','DEFAULT',NULL,1633661040000,-1,5,'PAUSED','CRON',1633661036000,0,NULL,2,''),('RuoyiScheduler','TASK_CLASS_NAME3','DEFAULT','TASK_CLASS_NAME3','DEFAULT',NULL,1633661040000,-1,5,'PAUSED','CRON',1633661036000,0,NULL,2,'');
/*!40000 ALTER TABLE `QRTZ_TRIGGERS` ENABLE KEYS */;
UNLOCK TABLES;

--
-- Table structure for table `gen_table`
--

DROP TABLE IF EXISTS `gen_table`;
/*!40101 SET @saved_cs_client     = @@character_set_client */;
/*!50503 SET character_set_client = utf8mb4 */;
CREATE TABLE `gen_table` (
  `table_id` bigint(20) NOT NULL AUTO_INCREMENT COMMENT 'ç¼–å·',
  `table_name` varchar(200) DEFAULT '' COMMENT 'è¡¨åç§°',
  `table_comment` varchar(500) DEFAULT '' COMMENT 'è¡¨æè¿°',
  `sub_table_name` varchar(64) DEFAULT NULL COMMENT 'å…³è”å­è¡¨çš„è¡¨å',
  `sub_table_fk_name` varchar(64) DEFAULT NULL COMMENT 'å­è¡¨å…³è”çš„å¤–é”®å',
  `class_name` varchar(100) DEFAULT '' COMMENT 'å®ä½“ç±»åç§°',
  `tpl_category` varchar(200) DEFAULT 'crud' COMMENT 'ä½¿ç”¨çš„æ¨¡æ¿ï¼ˆcrudå•è¡¨æ“ä½œ treeæ ‘è¡¨æ“ä½œ subä¸»å­è¡¨æ“ä½œï¼‰',
  `package_name` varchar(100) DEFAULT NULL COMMENT 'ç”ŸæˆåŒ…è·¯å¾„',
  `module_name` varchar(30) DEFAULT NULL COMMENT 'ç”Ÿæˆæ¨¡å—å',
  `business_name` varchar(30) DEFAULT NULL COMMENT 'ç”Ÿæˆä¸šåŠ¡å',
  `function_name` varchar(50) DEFAULT NULL COMMENT 'ç”ŸæˆåŠŸèƒ½å',
  `function_author` varchar(50) DEFAULT NULL COMMENT 'ç”ŸæˆåŠŸèƒ½ä½œè€…',
  `gen_type` char(1) DEFAULT '0' COMMENT 'ç”Ÿæˆä»£ç æ–¹å¼ï¼ˆ0zipå‹ç¼©åŒ… 1è‡ªå®šä¹‰è·¯å¾„ï¼‰',
  `gen_path` varchar(200) DEFAULT '/' COMMENT 'ç”Ÿæˆè·¯å¾„ï¼ˆä¸å¡«é»˜è®¤é¡¹ç›®è·¯å¾„ï¼‰',
  `options` varchar(1000) DEFAULT NULL COMMENT 'å…¶å®ƒç”Ÿæˆé€‰é¡¹',
  `create_by` varchar(64) DEFAULT '' COMMENT 'åˆ›å»ºè€…',
  `create_time` datetime DEFAULT NULL COMMENT 'åˆ›å»ºæ—¶é—´',
  `update_by` varchar(64) DEFAULT '' COMMENT 'æ›´æ–°è€…',
  `update_time` datetime DEFAULT NULL COMMENT 'æ›´æ–°æ—¶é—´',
  `remark` varchar(500) DEFAULT NULL COMMENT 'å¤‡æ³¨',
  PRIMARY KEY (`table_id`)
) ENGINE=InnoDB AUTO_INCREMENT=3 DEFAULT CHARSET=utf8 COMMENT='ä»£ç ç”Ÿæˆä¸šåŠ¡è¡¨';
/*!40101 SET character_set_client = @saved_cs_client */;

--
-- Dumping data for table `gen_table`
--

LOCK TABLES `gen_table` WRITE;
/*!40000 ALTER TABLE `gen_table` DISABLE KEYS */;
INSERT INTO `gen_table` VALUES (1,'sys_job_log','å®šæ—¶ä»»åŠ¡è°ƒåº¦æ—¥å¿—è¡¨',NULL,NULL,'SysJobLog','crud','com.ruoyi.system','system','log','å®šæ—¶ä»»åŠ¡è°ƒåº¦æ—¥å¿—','ruoyi','0','/',NULL,'admin','2021-09-11 12:49:33','',NULL,NULL),(2,'sys_user_post','ç”¨æˆ·ä¸å²—ä½å…³è”è¡¨',NULL,NULL,'SysUserPost','crud','com.ruoyi.system','system','post','ç”¨æˆ·ä¸å²—ä½å…³è”','ruoyi','0','/',NULL,'admin','2021-10-03 03:05:05','',NULL,NULL);
/*!40000 ALTER TABLE `gen_table` ENABLE KEYS */;
UNLOCK TABLES;

--
-- Table structure for table `gen_table_column`
--

DROP TABLE IF EXISTS `gen_table_column`;
/*!40101 SET @saved_cs_client     = @@character_set_client */;
/*!50503 SET character_set_client = utf8mb4 */;
CREATE TABLE `gen_table_column` (
  `column_id` bigint(20) NOT NULL AUTO_INCREMENT COMMENT 'ç¼–å·',
  `table_id` varchar(64) DEFAULT NULL COMMENT 'å½’å±è¡¨ç¼–å·',
  `column_name` varchar(200) DEFAULT NULL COMMENT 'åˆ—åç§°',
  `column_comment` varchar(500) DEFAULT NULL COMMENT 'åˆ—æè¿°',
  `column_type` varchar(100) DEFAULT NULL COMMENT 'åˆ—ç±»å‹',
  `java_type` varchar(500) DEFAULT NULL COMMENT 'JAVAç±»å‹',
  `java_field` varchar(200) DEFAULT NULL COMMENT 'JAVAå­—æ®µå',
  `is_pk` char(1) DEFAULT NULL COMMENT 'æ˜¯å¦ä¸»é”®ï¼ˆ1æ˜¯ï¼‰',
  `is_increment` char(1) DEFAULT NULL COMMENT 'æ˜¯å¦è‡ªå¢ï¼ˆ1æ˜¯ï¼‰',
  `is_required` char(1) DEFAULT NULL COMMENT 'æ˜¯å¦å¿…å¡«ï¼ˆ1æ˜¯ï¼‰',
  `is_insert` char(1) DEFAULT NULL COMMENT 'æ˜¯å¦ä¸ºæ’å…¥å­—æ®µï¼ˆ1æ˜¯ï¼‰',
  `is_edit` char(1) DEFAULT NULL COMMENT 'æ˜¯å¦ç¼–è¾‘å­—æ®µï¼ˆ1æ˜¯ï¼‰',
  `is_list` char(1) DEFAULT NULL COMMENT 'æ˜¯å¦åˆ—è¡¨å­—æ®µï¼ˆ1æ˜¯ï¼‰',
  `is_query` char(1) DEFAULT NULL COMMENT 'æ˜¯å¦æŸ¥è¯¢å­—æ®µï¼ˆ1æ˜¯ï¼‰',
  `query_type` varchar(200) DEFAULT 'EQ' COMMENT 'æŸ¥è¯¢æ–¹å¼ï¼ˆç­‰äºã€ä¸ç­‰äºã€å¤§äºã€å°äºã€èŒƒå›´ï¼‰',
  `html_type` varchar(200) DEFAULT NULL COMMENT 'æ˜¾ç¤ºç±»å‹ï¼ˆæ–‡æœ¬æ¡†ã€æ–‡æœ¬åŸŸã€ä¸‹æ‹‰æ¡†ã€å¤é€‰æ¡†ã€å•é€‰æ¡†ã€æ—¥æœŸæ§ä»¶ï¼‰',
  `dict_type` varchar(200) DEFAULT '' COMMENT 'å­—å…¸ç±»å‹',
  `sort` int(11) DEFAULT NULL COMMENT 'æ’åº',
  `create_by` varchar(64) DEFAULT '' COMMENT 'åˆ›å»ºè€…',
  `create_time` datetime DEFAULT NULL COMMENT 'åˆ›å»ºæ—¶é—´',
  `update_by` varchar(64) DEFAULT '' COMMENT 'æ›´æ–°è€…',
  `update_time` datetime DEFAULT NULL COMMENT 'æ›´æ–°æ—¶é—´',
  PRIMARY KEY (`column_id`)
) ENGINE=InnoDB AUTO_INCREMENT=11 DEFAULT CHARSET=utf8 COMMENT='ä»£ç ç”Ÿæˆä¸šåŠ¡è¡¨å­—æ®µ';
/*!40101 SET character_set_client = @saved_cs_client */;

--
-- Dumping data for table `gen_table_column`
--

LOCK TABLES `gen_table_column` WRITE;
/*!40000 ALTER TABLE `gen_table_column` DISABLE KEYS */;
INSERT INTO `gen_table_column` VALUES (1,'1','job_log_id','ä»»åŠ¡æ—¥å¿—ID','bigint(20)','Long','jobLogId','1','1',NULL,'1',NULL,NULL,NULL,'EQ','input','',1,'admin','2021-09-11 12:49:34','',NULL),(2,'1','job_name','ä»»åŠ¡åç§°','varchar(64)','String','jobName','0','0','1','1','1','1','1','LIKE','input','',2,'admin','2021-09-11 12:49:34','',NULL),(3,'1','job_group','ä»»åŠ¡ç»„å','varchar(64)','String','jobGroup','0','0','1','1','1','1','1','EQ','input','',3,'admin','2021-09-11 12:49:34','',NULL),(4,'1','invoke_target','è°ƒç”¨ç›®æ ‡å­—ç¬¦ä¸²','varchar(500)','String','invokeTarget','0','0','1','1','1','1','1','EQ','textarea','',4,'admin','2021-09-11 12:49:34','',NULL),(5,'1','job_message','æ—¥å¿—ä¿¡æ¯','varchar(500)','String','jobMessage','0','0',NULL,'1','1','1','1','EQ','textarea','',5,'admin','2021-09-11 12:49:34','',NULL),(6,'1','status','æ‰§è¡ŒçŠ¶æ€ï¼ˆ0æ­£å¸¸ 1å¤±è´¥ï¼‰','char(1)','String','status','0','0',NULL,'1','1','1','1','EQ','radio','',6,'admin','2021-09-11 12:49:34','',NULL),(7,'1','exception_info','å¼‚å¸¸ä¿¡æ¯','varchar(2000)','String','exceptionInfo','0','0',NULL,'1','1','1','1','EQ','textarea','',7,'admin','2021-09-11 12:49:34','',NULL),(8,'1','create_time','åˆ›å»ºæ—¶é—´','datetime','Date','createTime','0','0',NULL,'1',NULL,NULL,NULL,'EQ','datetime','',8,'admin','2021-09-11 12:49:34','',NULL),(9,'2','user_id','ç”¨æˆ·ID','bigint(20)','Long','userId','1','0',NULL,'1',NULL,NULL,NULL,'EQ','input','',1,'admin','2021-10-03 03:05:06','',NULL),(10,'2','post_id','å²—ä½ID','bigint(20)','Long','postId','1','0',NULL,'1',NULL,NULL,NULL,'EQ','input','',2,'admin','2021-10-03 03:05:06','',NULL);
/*!40000 ALTER TABLE `gen_table_column` ENABLE KEYS */;
UNLOCK TABLES;

--
-- Table structure for table `sys_config`
--

DROP TABLE IF EXISTS `sys_config`;
/*!40101 SET @saved_cs_client     = @@character_set_client */;
/*!50503 SET character_set_client = utf8mb4 */;
CREATE TABLE `sys_config` (
  `config_id` int(5) NOT NULL AUTO_INCREMENT COMMENT 'å‚æ•°ä¸»é”®',
  `config_name` varchar(100) DEFAULT '' COMMENT 'å‚æ•°åç§°',
  `config_key` varchar(100) DEFAULT '' COMMENT 'å‚æ•°é”®å',
  `config_value` varchar(500) DEFAULT '' COMMENT 'å‚æ•°é”®å€¼',
  `config_type` char(1) DEFAULT 'N' COMMENT 'ç³»ç»Ÿå†…ç½®ï¼ˆYæ˜¯ Nå¦ï¼‰',
  `create_by` varchar(64) DEFAULT '' COMMENT 'åˆ›å»ºè€…',
  `create_time` datetime DEFAULT NULL COMMENT 'åˆ›å»ºæ—¶é—´',
  `update_by` varchar(64) DEFAULT '' COMMENT 'æ›´æ–°è€…',
  `update_time` datetime DEFAULT NULL COMMENT 'æ›´æ–°æ—¶é—´',
  `remark` varchar(500) DEFAULT NULL COMMENT 'å¤‡æ³¨',
  PRIMARY KEY (`config_id`)
) ENGINE=InnoDB AUTO_INCREMENT=10 DEFAULT CHARSET=utf8 COMMENT='å‚æ•°é…ç½®è¡¨';
/*!40101 SET character_set_client = @saved_cs_client */;

--
-- Dumping data for table `sys_config`
--

LOCK TABLES `sys_config` WRITE;
/*!40000 ALTER TABLE `sys_config` DISABLE KEYS */;
INSERT INTO `sys_config` VALUES (1,'ä¸»æ¡†æ¶é¡µ-é»˜è®¤çš®è‚¤æ ·å¼åç§°','sys.index.skinName','skin-blue','Y','admin','2021-08-09 13:10:20','',NULL,'è“è‰² skin-blueã€ç»¿è‰² skin-greenã€ç´«è‰² skin-purpleã€çº¢è‰² skin-redã€é»„è‰² skin-yellow'),(2,'ç”¨æˆ·ç®¡ç†-è´¦å·åˆå§‹å¯†ç ','sys.user.initPassword','123456','Y','admin','2021-08-09 13:10:20','',NULL,'åˆå§‹åŒ–å¯†ç  123456'),(3,'ä¸»æ¡†æ¶é¡µ-ä¾§è¾¹æ ä¸»é¢˜','sys.index.sideTheme','theme-dark','Y','admin','2021-08-09 13:10:20','',NULL,'æ·±é»‘ä¸»é¢˜theme-darkï¼Œæµ…è‰²ä¸»é¢˜theme-lightï¼Œæ·±è“ä¸»é¢˜theme-blue'),(4,'è´¦å·è‡ªåŠ©-æ˜¯å¦å¼€å¯ç”¨æˆ·æ³¨å†ŒåŠŸèƒ½','sys.account.registerUser','false','Y','admin','2021-08-09 13:10:20','',NULL,'æ˜¯å¦å¼€å¯æ³¨å†Œç”¨æˆ·åŠŸèƒ½ï¼ˆtrueå¼€å¯ï¼Œfalseå…³é—­ï¼‰'),(5,'ç”¨æˆ·ç®¡ç†-å¯†ç å­—ç¬¦èŒƒå›´','sys.account.chrtype','0','Y','admin','2021-08-09 13:10:20','',NULL,'é»˜è®¤ä»»æ„å­—ç¬¦èŒƒå›´ï¼Œ0ä»»æ„ï¼ˆå¯†ç å¯ä»¥è¾“å…¥ä»»æ„å­—ç¬¦ï¼‰ï¼Œ1æ•°å­—ï¼ˆå¯†ç åªèƒ½ä¸º0-9æ•°å­—ï¼‰ï¼Œ2è‹±æ–‡å­—æ¯ï¼ˆå¯†ç åªèƒ½ä¸ºa-zå’ŒA-Zå­—æ¯ï¼‰ï¼Œ3å­—æ¯å’Œæ•°å­—ï¼ˆå¯†ç å¿…é¡»åŒ…å«å­—æ¯ï¼Œæ•°å­—ï¼‰,4å­—æ¯æ•°å­—å’Œç‰¹æ®Šå­—ç¬¦ï¼ˆç›®å‰æ”¯æŒçš„ç‰¹æ®Šå­—ç¬¦åŒ…æ‹¬ï¼š~!@#$%^&*()-=_+ï¼‰'),(6,'ç”¨æˆ·ç®¡ç†-åˆå§‹å¯†ç ä¿®æ”¹ç­–ç•¥','sys.account.initPasswordModify','0','Y','admin','2021-08-09 13:10:20','',NULL,'0ï¼šåˆå§‹å¯†ç ä¿®æ”¹ç­–ç•¥å…³é—­ï¼Œæ²¡æœ‰ä»»ä½•æç¤ºï¼Œ1ï¼šæé†’ç”¨æˆ·ï¼Œå¦‚æœæœªä¿®æ”¹åˆå§‹å¯†ç ï¼Œåˆ™åœ¨ç™»å½•æ—¶å°±ä¼šæé†’ä¿®æ”¹å¯†ç å¯¹è¯æ¡†'),(7,'ç”¨æˆ·ç®¡ç†-è´¦å·å¯†ç æ›´æ–°å‘¨æœŸ','sys.account.passwordValidateDays','0','Y','admin','2021-08-09 13:10:20','',NULL,'å¯†ç æ›´æ–°å‘¨æœŸï¼ˆå¡«å†™æ•°å­—ï¼Œæ•°æ®åˆå§‹åŒ–å€¼ä¸º0ä¸é™åˆ¶ï¼Œè‹¥ä¿®æ”¹å¿…é¡»ä¸ºå¤§äº0å°äº365çš„æ­£æ•´æ•°ï¼‰ï¼Œå¦‚æœè¶…è¿‡è¿™ä¸ªå‘¨æœŸç™»å½•ç³»ç»Ÿæ—¶ï¼Œåˆ™åœ¨ç™»å½•æ—¶å°±ä¼šæé†’ä¿®æ”¹å¯†ç å¯¹è¯æ¡†'),(8,'ä¸»æ¡†æ¶é¡µ-èœå•å¯¼èˆªæ˜¾ç¤ºé£æ ¼','sys.index.menuStyle','default','Y','admin','2021-08-09 13:10:20','',NULL,'èœå•å¯¼èˆªæ˜¾ç¤ºé£æ ¼ï¼ˆdefaultä¸ºå·¦ä¾§å¯¼èˆªèœå•ï¼Œtopnavä¸ºé¡¶éƒ¨å¯¼èˆªèœå•ï¼‰'),(9,'ä¸»æ¡†æ¶é¡µ-æ˜¯å¦å¼€å¯é¡µè„š','sys.index.ignoreFooter','true','Y','admin','2021-08-09 13:10:20','',NULL,'æ˜¯å¦å¼€å¯åº•éƒ¨é¡µè„šæ˜¾ç¤ºï¼ˆtrueæ˜¾ç¤ºï¼Œfalseéšè—ï¼‰');
/*!40000 ALTER TABLE `sys_config` ENABLE KEYS */;
UNLOCK TABLES;

--
-- Table structure for table `sys_dept`
--

DROP TABLE IF EXISTS `sys_dept`;
/*!40101 SET @saved_cs_client     = @@character_set_client */;
/*!50503 SET character_set_client = utf8mb4 */;
CREATE TABLE `sys_dept` (
  `dept_id` bigint(20) NOT NULL AUTO_INCREMENT COMMENT 'éƒ¨é—¨id',
  `parent_id` bigint(20) DEFAULT '0' COMMENT 'çˆ¶éƒ¨é—¨id',
  `ancestors` varchar(50) DEFAULT '' COMMENT 'ç¥–çº§åˆ—è¡¨',
  `dept_name` varchar(30) DEFAULT '' COMMENT 'éƒ¨é—¨åç§°',
  `order_num` int(4) DEFAULT '0' COMMENT 'æ˜¾ç¤ºé¡ºåº',
  `leader` varchar(20) DEFAULT NULL COMMENT 'è´Ÿè´£äºº',
  `phone` varchar(11) DEFAULT NULL COMMENT 'è”ç³»ç”µè¯',
  `email` varchar(50) DEFAULT NULL COMMENT 'é‚®ç®±',
  `status` char(1) DEFAULT '0' COMMENT 'éƒ¨é—¨çŠ¶æ€ï¼ˆ0æ­£å¸¸ 1åœç”¨ï¼‰',
  `del_flag` char(1) DEFAULT '0' COMMENT 'åˆ é™¤æ ‡å¿—ï¼ˆ0ä»£è¡¨å­˜åœ¨ 2ä»£è¡¨åˆ é™¤ï¼‰',
  `create_by` varchar(64) DEFAULT '' COMMENT 'åˆ›å»ºè€…',
  `create_time` datetime DEFAULT NULL COMMENT 'åˆ›å»ºæ—¶é—´',
  `update_by` varchar(64) DEFAULT '' COMMENT 'æ›´æ–°è€…',
  `update_time` datetime DEFAULT NULL COMMENT 'æ›´æ–°æ—¶é—´',
  PRIMARY KEY (`dept_id`)
) ENGINE=InnoDB AUTO_INCREMENT=111 DEFAULT CHARSET=utf8 COMMENT='éƒ¨é—¨è¡¨';
/*!40101 SET character_set_client = @saved_cs_client */;

--
-- Dumping data for table `sys_dept`
--

LOCK TABLES `sys_dept` WRITE;
/*!40000 ALTER TABLE `sys_dept` DISABLE KEYS */;
INSERT INTO `sys_dept` VALUES (100,0,'0','è‹¥ä¾ç§‘æŠ€',0,'è‹¥ä¾','15888888888','ry@qq.com','0','0','admin','2021-08-09 13:10:02','',NULL),(101,100,'0,100','ç¼–è¾‘éƒ¨',1,'è‹¥ä¾','15888888888','ry@qq.com','0','0','admin','2021-08-09 13:10:02','admin','2021-10-03 03:10:38'),(102,100,'0,100','é•¿æ²™åˆ†å…¬å¸',2,'è‹¥ä¾','15888888888','ry@qq.com','0','0','admin','2021-08-09 13:10:02','',NULL),(103,101,'0,100,101','ç ”å‘éƒ¨é—¨',1,'è‹¥ä¾','15888888888','ry@qq.com','0','0','admin','2021-08-09 13:10:02','',NULL),(104,101,'0,100,101','å¸‚åœºéƒ¨é—¨',2,'è‹¥ä¾','15888888888','ry@qq.com','0','0','admin','2021-08-09 13:10:02','',NULL),(105,101,'0,100,101','æµ‹è¯•éƒ¨é—¨',3,'è‹¥ä¾','15888888888','ry@qq.com','0','0','admin','2021-08-09 13:10:02','',NULL),(106,101,'0,100,101','è´¢åŠ¡éƒ¨é—¨',4,'è‹¥ä¾','15888888888','ry@qq.com','0','0','admin','2021-08-09 13:10:02','',NULL),(107,101,'0,100,101','è¿ç»´éƒ¨é—¨',5,'è‹¥ä¾','15888888888','ry@qq.com','0','0','admin','2021-08-09 13:10:02','',NULL),(108,102,'0,100,102','å¸‚åœºéƒ¨é—¨',1,'è‹¥ä¾','15888888888','ry@qq.com','0','0','admin','2021-08-09 13:10:02','',NULL),(109,102,'0,100,102','è´¢åŠ¡éƒ¨é—¨',2,'è‹¥ä¾','15888888888','ry@qq.com','0','0','admin','2021-08-09 13:10:02','',NULL),(110,101,'0,100,101','fdsf',1,NULL,NULL,NULL,'0','2','admin','2021-09-11 10:06:37','',NULL);
/*!40000 ALTER TABLE `sys_dept` ENABLE KEYS */;
UNLOCK TABLES;

--
-- Table structure for table `sys_dict_data`
--

DROP TABLE IF EXISTS `sys_dict_data`;
/*!40101 SET @saved_cs_client     = @@character_set_client */;
/*!50503 SET character_set_client = utf8mb4 */;
CREATE TABLE `sys_dict_data` (
  `dict_code` bigint(20) NOT NULL AUTO_INCREMENT COMMENT 'å­—å…¸ç¼–ç ',
  `dict_sort` int(4) DEFAULT '0' COMMENT 'å­—å…¸æ’åº',
  `dict_label` varchar(100) DEFAULT '' COMMENT 'å­—å…¸æ ‡ç­¾',
  `dict_value` varchar(100) DEFAULT '' COMMENT 'å­—å…¸é”®å€¼',
  `dict_type` varchar(100) DEFAULT '' COMMENT 'å­—å…¸ç±»å‹',
  `css_class` varchar(100) DEFAULT NULL COMMENT 'æ ·å¼å±æ€§ï¼ˆå…¶ä»–æ ·å¼æ‰©å±•ï¼‰',
  `list_class` varchar(100) DEFAULT NULL COMMENT 'è¡¨æ ¼å›æ˜¾æ ·å¼',
  `is_default` char(1) DEFAULT 'N' COMMENT 'æ˜¯å¦é»˜è®¤ï¼ˆYæ˜¯ Nå¦ï¼‰',
  `status` char(1) DEFAULT '0' COMMENT 'çŠ¶æ€ï¼ˆ0æ­£å¸¸ 1åœç”¨ï¼‰',
  `create_by` varchar(64) DEFAULT '' COMMENT 'åˆ›å»ºè€…',
  `create_time` datetime DEFAULT NULL COMMENT 'åˆ›å»ºæ—¶é—´',
  `update_by` varchar(64) DEFAULT '' COMMENT 'æ›´æ–°è€…',
  `update_time` datetime DEFAULT NULL COMMENT 'æ›´æ–°æ—¶é—´',
  `remark` varchar(500) DEFAULT NULL COMMENT 'å¤‡æ³¨',
  PRIMARY KEY (`dict_code`)
) ENGINE=InnoDB AUTO_INCREMENT=30 DEFAULT CHARSET=utf8 COMMENT='å­—å…¸æ•°æ®è¡¨';
/*!40101 SET character_set_client = @saved_cs_client */;

--
-- Dumping data for table `sys_dict_data`
--

LOCK TABLES `sys_dict_data` WRITE;
/*!40000 ALTER TABLE `sys_dict_data` DISABLE KEYS */;
INSERT INTO `sys_dict_data` VALUES (1,1,'ç”·1','0','sys_user_sex','','','Y','0','admin','2021-08-09 13:10:16','admin','2021-10-03 02:52:01','æ€§åˆ«ç”·'),(2,2,'å¥³','1','sys_user_sex','','','N','0','admin','2021-08-09 13:10:17','',NULL,'æ€§åˆ«å¥³'),(3,3,'æœªçŸ¥','2','sys_user_sex','','','N','0','admin','2021-08-09 13:10:17','',NULL,'æ€§åˆ«æœªçŸ¥'),(4,1,'æ˜¾ç¤º','0','sys_show_hide','','primary','Y','0','admin','2021-08-09 13:10:17','',NULL,'æ˜¾ç¤ºèœå•'),(5,2,'éšè—','1','sys_show_hide','','danger','N','0','admin','2021-08-09 13:10:17','',NULL,'éšè—èœå•'),(6,1,'æ­£å¸¸','0','sys_normal_disable','','primary','Y','0','admin','2021-08-09 13:10:17','',NULL,'æ­£å¸¸çŠ¶æ€'),(7,2,'åœç”¨','1','sys_normal_disable','','danger','N','0','admin','2021-08-09 13:10:17','',NULL,'åœç”¨çŠ¶æ€'),(8,1,'æ­£å¸¸','0','sys_job_status','','primary','Y','0','admin','2021-08-09 13:10:17','',NULL,'æ­£å¸¸çŠ¶æ€'),(9,2,'æš‚åœ','1','sys_job_status','','danger','N','0','admin','2021-08-09 13:10:17','',NULL,'åœç”¨çŠ¶æ€'),(10,1,'é»˜è®¤','DEFAULT','sys_job_group','','','Y','0','admin','2021-08-09 13:10:17','',NULL,'é»˜è®¤åˆ†ç»„'),(11,2,'ç³»ç»Ÿ','SYSTEM','sys_job_group','','','N','0','admin','2021-08-09 13:10:17','',NULL,'ç³»ç»Ÿåˆ†ç»„'),(12,1,'æ˜¯','Y','sys_yes_no','','primary','Y','0','admin','2021-08-09 13:10:17','',NULL,'ç³»ç»Ÿé»˜è®¤æ˜¯'),(13,2,'å¦','N','sys_yes_no','','danger','N','0','admin','2021-08-09 13:10:17','',NULL,'ç³»ç»Ÿé»˜è®¤å¦'),(14,1,'é€šçŸ¥','1','sys_notice_type','','warning','Y','0','admin','2021-08-09 13:10:18','',NULL,'é€šçŸ¥'),(15,2,'å…¬å‘Š','2','sys_notice_type','','success','N','0','admin','2021-08-09 13:10:18','',NULL,'å…¬å‘Š'),(16,1,'æ­£å¸¸','0','sys_notice_status','','primary','Y','0','admin','2021-08-09 13:10:18','',NULL,'æ­£å¸¸çŠ¶æ€'),(17,2,'å…³é—­','1','sys_notice_status','','danger','N','0','admin','2021-08-09 13:10:18','',NULL,'å…³é—­çŠ¶æ€'),(18,99,'å…¶ä»–','0','sys_oper_type','','info','N','0','admin','2021-08-09 13:10:18','',NULL,'å…¶ä»–æ“ä½œ'),(19,1,'æ–°å¢','1','sys_oper_type','','info','N','0','admin','2021-08-09 13:10:18','',NULL,'æ–°å¢æ“ä½œ'),(20,2,'ä¿®æ”¹','2','sys_oper_type','','info','N','0','admin','2021-08-09 13:10:18','',NULL,'ä¿®æ”¹æ“ä½œ'),(21,3,'åˆ é™¤','3','sys_oper_type','','danger','N','0','admin','2021-08-09 13:10:18','',NULL,'åˆ é™¤æ“ä½œ'),(22,4,'æˆæƒ','4','sys_oper_type','','primary','N','0','admin','2021-08-09 13:10:18','',NULL,'æˆæƒæ“ä½œ'),(23,5,'å¯¼å‡º','5','sys_oper_type','','warning','N','0','admin','2021-08-09 13:10:19','',NULL,'å¯¼å‡ºæ“ä½œ'),(24,6,'å¯¼å…¥','6','sys_oper_type','','warning','N','0','admin','2021-08-09 13:10:19','',NULL,'å¯¼å…¥æ“ä½œ'),(25,7,'å¼ºé€€','7','sys_oper_type','','danger','N','0','admin','2021-08-09 13:10:19','',NULL,'å¼ºé€€æ“ä½œ'),(26,8,'ç”Ÿæˆä»£ç ','8','sys_oper_type','','warning','N','0','admin','2021-08-09 13:10:19','',NULL,'ç”Ÿæˆæ“ä½œ'),(27,9,'æ¸…ç©ºæ•°æ®','9','sys_oper_type','','danger','N','0','admin','2021-08-09 13:10:19','',NULL,'æ¸…ç©ºæ“ä½œ'),(28,1,'æˆåŠŸ','0','sys_common_status','','primary','N','0','admin','2021-08-09 13:10:19','',NULL,'æ­£å¸¸çŠ¶æ€'),(29,2,'å¤±è´¥','1','sys_common_status','','danger','N','0','admin','2021-08-09 13:10:19','',NULL,'åœç”¨çŠ¶æ€');
/*!40000 ALTER TABLE `sys_dict_data` ENABLE KEYS */;
UNLOCK TABLES;

--
-- Table structure for table `sys_dict_type`
--

DROP TABLE IF EXISTS `sys_dict_type`;
/*!40101 SET @saved_cs_client     = @@character_set_client */;
/*!50503 SET character_set_client = utf8mb4 */;
CREATE TABLE `sys_dict_type` (
  `dict_id` bigint(20) NOT NULL AUTO_INCREMENT COMMENT 'å­—å…¸ä¸»é”®',
  `dict_name` varchar(100) DEFAULT '' COMMENT 'å­—å…¸åç§°',
  `dict_type` varchar(100) DEFAULT '' COMMENT 'å­—å…¸ç±»å‹',
  `status` char(1) DEFAULT '0' COMMENT 'çŠ¶æ€ï¼ˆ0æ­£å¸¸ 1åœç”¨ï¼‰',
  `create_by` varchar(64) DEFAULT '' COMMENT 'åˆ›å»ºè€…',
  `create_time` datetime DEFAULT NULL COMMENT 'åˆ›å»ºæ—¶é—´',
  `update_by` varchar(64) DEFAULT '' COMMENT 'æ›´æ–°è€…',
  `update_time` datetime DEFAULT NULL COMMENT 'æ›´æ–°æ—¶é—´',
  `remark` varchar(500) DEFAULT NULL COMMENT 'å¤‡æ³¨',
  PRIMARY KEY (`dict_id`),
  UNIQUE KEY `dict_type` (`dict_type`)
) ENGINE=InnoDB AUTO_INCREMENT=11 DEFAULT CHARSET=utf8 COMMENT='å­—å…¸ç±»å‹è¡¨';
/*!40101 SET character_set_client = @saved_cs_client */;

--
-- Dumping data for table `sys_dict_type`
--

LOCK TABLES `sys_dict_type` WRITE;
/*!40000 ALTER TABLE `sys_dict_type` DISABLE KEYS */;
INSERT INTO `sys_dict_type` VALUES (1,'ç”¨æˆ·æ€§åˆ«','sys_user_sex','0','admin','2021-08-09 13:10:15','',NULL,'ç”¨æˆ·æ€§åˆ«åˆ—è¡¨'),(2,'èœå•çŠ¶æ€','sys_show_hide','0','admin','2021-08-09 13:10:15','',NULL,'èœå•çŠ¶æ€åˆ—è¡¨'),(3,'ç³»ç»Ÿå¼€å…³','sys_normal_disable','0','admin','2021-08-09 13:10:15','',NULL,'ç³»ç»Ÿå¼€å…³åˆ—è¡¨'),(4,'ä»»åŠ¡çŠ¶æ€','sys_job_status','0','admin','2021-08-09 13:10:15','',NULL,'ä»»åŠ¡çŠ¶æ€åˆ—è¡¨'),(5,'ä»»åŠ¡åˆ†ç»„','sys_job_group','0','admin','2021-08-09 13:10:16','',NULL,'ä»»åŠ¡åˆ†ç»„åˆ—è¡¨'),(6,'ç³»ç»Ÿæ˜¯å¦','sys_yes_no','0','admin','2021-08-09 13:10:16','',NULL,'ç³»ç»Ÿæ˜¯å¦åˆ—è¡¨'),(7,'é€šçŸ¥ç±»å‹','sys_notice_type','0','admin','2021-08-09 13:10:16','',NULL,'é€šçŸ¥ç±»å‹åˆ—è¡¨'),(8,'é€šçŸ¥çŠ¶æ€','sys_notice_status','0','admin','2021-08-09 13:10:16','',NULL,'é€šçŸ¥çŠ¶æ€åˆ—è¡¨'),(9,'æ“ä½œç±»å‹','sys_oper_type','0','admin','2021-08-09 13:10:16','',NULL,'æ“ä½œç±»å‹åˆ—è¡¨'),(10,'ç³»ç»ŸçŠ¶æ€','sys_common_status','0','admin','2021-08-09 13:10:16','',NULL,'ç™»å½•çŠ¶æ€åˆ—è¡¨');
/*!40000 ALTER TABLE `sys_dict_type` ENABLE KEYS */;
UNLOCK TABLES;

--
-- Table structure for table `sys_job`
--

DROP TABLE IF EXISTS `sys_job`;
/*!40101 SET @saved_cs_client     = @@character_set_client */;
/*!50503 SET character_set_client = utf8mb4 */;
CREATE TABLE `sys_job` (
  `job_id` bigint(20) NOT NULL AUTO_INCREMENT COMMENT 'ä»»åŠ¡ID',
  `job_name` varchar(64) NOT NULL DEFAULT '' COMMENT 'ä»»åŠ¡åç§°',
  `job_group` varchar(64) NOT NULL DEFAULT 'DEFAULT' COMMENT 'ä»»åŠ¡ç»„å',
  `invoke_target` varchar(500) NOT NULL COMMENT 'è°ƒç”¨ç›®æ ‡å­—ç¬¦ä¸²',
  `cron_expression` varchar(255) DEFAULT '' COMMENT 'cronæ‰§è¡Œè¡¨è¾¾å¼',
  `misfire_policy` varchar(20) DEFAULT '3' COMMENT 'è®¡åˆ’æ‰§è¡Œé”™è¯¯ç­–ç•¥ï¼ˆ1ç«‹å³æ‰§è¡Œ 2æ‰§è¡Œä¸€æ¬¡ 3æ”¾å¼ƒæ‰§è¡Œï¼‰',
  `concurrent` char(1) DEFAULT '1' COMMENT 'æ˜¯å¦å¹¶å‘æ‰§è¡Œï¼ˆ0å…è®¸ 1ç¦æ­¢ï¼‰',
  `status` char(1) DEFAULT '0' COMMENT 'çŠ¶æ€ï¼ˆ0æ­£å¸¸ 1æš‚åœï¼‰',
  `create_by` varchar(64) DEFAULT '' COMMENT 'åˆ›å»ºè€…',
  `create_time` datetime DEFAULT NULL COMMENT 'åˆ›å»ºæ—¶é—´',
  `update_by` varchar(64) DEFAULT '' COMMENT 'æ›´æ–°è€…',
  `update_time` datetime DEFAULT NULL COMMENT 'æ›´æ–°æ—¶é—´',
  `remark` varchar(500) DEFAULT '' COMMENT 'å¤‡æ³¨ä¿¡æ¯',
  PRIMARY KEY (`job_id`,`job_name`,`job_group`)
) ENGINE=InnoDB AUTO_INCREMENT=4 DEFAULT CHARSET=utf8 COMMENT='å®šæ—¶ä»»åŠ¡è°ƒåº¦è¡¨';
/*!40101 SET character_set_client = @saved_cs_client */;

--
-- Dumping data for table `sys_job`
--

LOCK TABLES `sys_job` WRITE;
/*!40000 ALTER TABLE `sys_job` DISABLE KEYS */;
INSERT INTO `sys_job` VALUES (1,'ç³»ç»Ÿé»˜è®¤ï¼ˆæ— å‚ï¼‰','DEFAULT','ryTask.ryNoParams','0/10 * * * * ?','3','1','1','admin','2021-08-09 13:10:21','',NULL,''),(2,'ç³»ç»Ÿé»˜è®¤ï¼ˆæœ‰å‚ï¼‰','DEFAULT','ryTask.ryParams(\'ry\')','0/15 * * * * ?','3','1','1','admin','2021-08-09 13:10:21','',NULL,''),(3,'ç³»ç»Ÿé»˜è®¤ï¼ˆå¤šå‚ï¼‰','DEFAULT','ryTask.ryMultipleParams(\'ry\', true, 2000L, 316.50D, 100)','0/20 * * * * ?','3','1','1','admin','2021-08-09 13:10:21','',NULL,'');
/*!40000 ALTER TABLE `sys_job` ENABLE KEYS */;
UNLOCK TABLES;

--
-- Table structure for table `sys_job_log`
--

DROP TABLE IF EXISTS `sys_job_log`;
/*!40101 SET @saved_cs_client     = @@character_set_client */;
/*!50503 SET character_set_client = utf8mb4 */;
CREATE TABLE `sys_job_log` (
  `job_log_id` bigint(20) NOT NULL AUTO_INCREMENT COMMENT 'ä»»åŠ¡æ—¥å¿—ID',
  `job_name` varchar(64) NOT NULL COMMENT 'ä»»åŠ¡åç§°',
  `job_group` varchar(64) NOT NULL COMMENT 'ä»»åŠ¡ç»„å',
  `invoke_target` varchar(500) NOT NULL COMMENT 'è°ƒç”¨ç›®æ ‡å­—ç¬¦ä¸²',
  `job_message` varchar(500) DEFAULT NULL COMMENT 'æ—¥å¿—ä¿¡æ¯',
  `status` char(1) DEFAULT '0' COMMENT 'æ‰§è¡ŒçŠ¶æ€ï¼ˆ0æ­£å¸¸ 1å¤±è´¥ï¼‰',
  `exception_info` varchar(2000) DEFAULT '' COMMENT 'å¼‚å¸¸ä¿¡æ¯',
  `create_time` datetime DEFAULT NULL COMMENT 'åˆ›å»ºæ—¶é—´',
  PRIMARY KEY (`job_log_id`)
) ENGINE=InnoDB DEFAULT CHARSET=utf8 COMMENT='å®šæ—¶ä»»åŠ¡è°ƒåº¦æ—¥å¿—è¡¨';
/*!40101 SET character_set_client = @saved_cs_client */;

--
-- Dumping data for table `sys_job_log`
--

LOCK TABLES `sys_job_log` WRITE;
/*!40000 ALTER TABLE `sys_job_log` DISABLE KEYS */;
/*!40000 ALTER TABLE `sys_job_log` ENABLE KEYS */;
UNLOCK TABLES;

--
-- Table structure for table `sys_logininfor`
--

DROP TABLE IF EXISTS `sys_logininfor`;
/*!40101 SET @saved_cs_client     = @@character_set_client */;
/*!50503 SET character_set_client = utf8mb4 */;
CREATE TABLE `sys_logininfor` (
  `info_id` bigint(20) NOT NULL AUTO_INCREMENT COMMENT 'è®¿é—®ID',
  `login_name` varchar(50) DEFAULT '' COMMENT 'ç™»å½•è´¦å·',
  `ipaddr` varchar(128) DEFAULT '' COMMENT 'ç™»å½•IPåœ°å€',
  `login_location` varchar(255) DEFAULT '' COMMENT 'ç™»å½•åœ°ç‚¹',
  `browser` varchar(50) DEFAULT '' COMMENT 'æµè§ˆå™¨ç±»å‹',
  `os` varchar(50) DEFAULT '' COMMENT 'æ“ä½œç³»ç»Ÿ',
  `status` char(1) DEFAULT '0' COMMENT 'ç™»å½•çŠ¶æ€ï¼ˆ0æˆåŠŸ 1å¤±è´¥ï¼‰',
  `msg` varchar(255) DEFAULT '' COMMENT 'æç¤ºæ¶ˆæ¯',
  `login_time` datetime DEFAULT NULL COMMENT 'è®¿é—®æ—¶é—´',
  PRIMARY KEY (`info_id`)
) ENGINE=InnoDB AUTO_INCREMENT=189 DEFAULT CHARSET=utf8 COMMENT='ç³»ç»Ÿè®¿é—®è®°å½•';
/*!40101 SET character_set_client = @saved_cs_client */;

--
-- Dumping data for table `sys_logininfor`
--

LOCK TABLES `sys_logininfor` WRITE;
/*!40000 ALTER TABLE `sys_logininfor` DISABLE KEYS */;
INSERT INTO `sys_logininfor` VALUES (1,'admin','127.0.0.1','å†…ç½‘IP','Chrome 9','Linux','0','ç™»å½•æˆåŠŸ','2021-09-11 09:07:37'),(2,'admin','127.0.0.1','å†…ç½‘IP','Chrome 9','Linux','0','ç™»å½•æˆåŠŸ','2021-09-11 10:06:12'),(3,'admin','127.0.0.1','å†…ç½‘IP','Chrome 9','Linux','0','ç™»å½•æˆåŠŸ','2021-09-11 12:48:01'),(4,'admin','127.0.0.1','å†…ç½‘IP','Chrome 9','Linux','1','éªŒè¯ç é”™è¯¯','2021-10-03 02:49:56'),(5,'admin','127.0.0.1','å†…ç½‘IP','Chrome 9','Linux','1','éªŒè¯ç é”™è¯¯','2021-10-03 02:50:03'),(6,'admin','127.0.0.1','å†…ç½‘IP','Chrome 9','Linux','0','ç™»å½•æˆåŠŸ','2021-10-03 02:50:07'),(7,'admin','127.0.0.1','å†…ç½‘IP','Chrome 9','Linux','0','é€€å‡ºæˆåŠŸ','2021-10-03 03:12:07'),(8,'editor','127.0.0.1','å†…ç½‘IP','Chrome 9','Linux','0','ç™»å½•æˆåŠŸ','2021-10-03 03:12:26'),(9,'editor','127.0.0.1','å†…ç½‘IP','Chrome 9','Linux','0','é€€å‡ºæˆåŠŸ','2021-10-03 03:12:38'),(10,'admin','127.0.0.1','å†…ç½‘IP','Chrome 9','Linux','1','éªŒè¯ç é”™è¯¯','2021-10-03 03:12:44'),(11,'admin','127.0.0.1','å†…ç½‘IP','Chrome 9','Linux','0','ç™»å½•æˆåŠŸ','2021-10-03 03:12:48'),(12,'admin','127.0.0.1','å†…ç½‘IP','Chrome 9','Linux','0','é€€å‡ºæˆåŠŸ','2021-10-03 03:14:12'),(13,'editor','127.0.0.1','å†…ç½‘IP','Chrome 9','Linux','0','ç™»å½•æˆåŠŸ','2021-10-03 03:14:23'),(14,'admin','127.0.0.1','å†…ç½‘IP','Chrome 9','Linux','1','éªŒè¯ç é”™è¯¯','2021-10-03 05:22:29'),(15,'admin','127.0.0.1','å†…ç½‘IP','Chrome 9','Linux','0','ç™»å½•æˆåŠŸ','2021-10-03 05:22:32'),(16,'admin','127.0.0.1','å†…ç½‘IP','Chrome 9','Linux','0','é€€å‡ºæˆåŠŸ','2021-10-03 05:46:44'),(17,'editor','127.0.0.1','å†…ç½‘IP','Chrome 9','Linux','0','ç™»å½•æˆåŠŸ','2021-10-03 05:46:56'),(18,'admin','127.0.0.1','å†…ç½‘IP','Chrome 9','Linux','0','ç™»å½•æˆåŠŸ','2021-10-03 07:20:58'),(19,'admin','127.0.0.1','å†…ç½‘IP','Chrome 9','Linux','0','é€€å‡ºæˆåŠŸ','2021-10-03 07:21:27'),(20,'editor','127.0.0.1','å†…ç½‘IP','Chrome 9','Linux','1','å¯†ç è¾“å…¥é”™è¯¯1æ¬¡','2021-10-03 07:21:48'),(21,'editor','127.0.0.1','å†…ç½‘IP','Chrome 9','Linux','1','éªŒè¯ç é”™è¯¯','2021-10-03 07:21:59'),(22,'editor','127.0.0.1','å†…ç½‘IP','Chrome 9','Linux','0','ç™»å½•æˆåŠŸ','2021-10-03 07:22:06'),(23,'editor','127.0.0.1','å†…ç½‘IP','Chrome 9','Linux','0','ç™»å½•æˆåŠŸ','2021-10-03 09:11:09'),(24,'editor','127.0.0.1','å†…ç½‘IP','Chrome 9','Linux','0','é€€å‡ºæˆåŠŸ','2021-10-03 09:12:58'),(25,'editor','127.0.0.1','å†…ç½‘IP','Chrome 9','Linux','0','ç™»å½•æˆåŠŸ','2021-10-03 09:13:08'),(26,'admin','127.0.0.1','å†…ç½‘IP','Chrome 9','Linux','0','ç™»å½•æˆåŠŸ','2021-10-03 14:13:44'),(27,'editor','127.0.0.1','å†…ç½‘IP','Chrome 9','Linux','1','å¯†ç è¾“å…¥é”™è¯¯1æ¬¡','2021-10-03 15:54:36'),(28,'editor','127.0.0.1','å†…ç½‘IP','Chrome 9','Linux','1','éªŒè¯ç é”™è¯¯','2021-10-03 15:54:59'),(29,'editor','127.0.0.1','å†…ç½‘IP','Chrome 9','Linux','1','å¯†ç è¾“å…¥é”™è¯¯2æ¬¡','2021-10-03 15:55:10'),(30,'editor','127.0.0.1','å†…ç½‘IP','Chrome 9','Linux','0','ç™»å½•æˆåŠŸ','2021-10-03 15:55:25'),(31,'editor','127.0.0.1','å†…ç½‘IP','Chrome 9','Linux','1','éªŒè¯ç é”™è¯¯','2021-10-03 15:57:42'),(32,'editor','127.0.0.1','å†…ç½‘IP','Chrome 9','Linux','1','å¯†ç è¾“å…¥é”™è¯¯1æ¬¡','2021-10-03 15:57:47'),(33,'editor','127.0.0.1','å†…ç½‘IP','Chrome 9','Linux','0','ç™»å½•æˆåŠŸ','2021-10-03 15:57:52'),(34,'editor','127.0.0.1','å†…ç½‘IP','Chrome 9','Linux','0','ç™»å½•æˆåŠŸ','2021-10-03 16:01:03'),(35,'editor','127.0.0.1','å†…ç½‘IP','Chrome 9','Linux','1','å¯†ç è¾“å…¥é”™è¯¯1æ¬¡','2021-10-03 16:44:34'),(36,'editor','127.0.0.1','å†…ç½‘IP','Chrome 9','Linux','1','éªŒè¯ç é”™è¯¯','2021-10-03 16:44:45'),(37,'editor','127.0.0.1','å†…ç½‘IP','Chrome 9','Linux','0','ç™»å½•æˆåŠŸ','2021-10-03 16:45:30'),(38,'editor','127.0.0.1','å†…ç½‘IP','Chrome 9','Linux','1','éªŒè¯ç é”™è¯¯','2021-10-03 17:13:19'),(39,'editor','127.0.0.1','å†…ç½‘IP','Chrome 9','Linux','1','éªŒè¯ç é”™è¯¯','2021-10-03 17:13:23'),(40,'editor','127.0.0.1','å†…ç½‘IP','Chrome 9','Linux','0','ç™»å½•æˆåŠŸ','2021-10-03 17:13:26'),(41,'editor','127.0.0.1','å†…ç½‘IP','Chrome 9','Linux','0','ç™»å½•æˆåŠŸ','2021-10-03 17:18:02'),(42,'editor','127.0.0.1','å†…ç½‘IP','Chrome 9','Linux','0','ç™»å½•æˆåŠŸ','2021-10-03 17:31:22'),(43,'editor','127.0.0.1','å†…ç½‘IP','Chrome 9','Linux','0','ç™»å½•æˆåŠŸ','2021-10-03 17:34:09'),(44,'editor','127.0.0.1','å†…ç½‘IP','Firefox 56','Windows 10','0','ç™»å½•æˆåŠŸ','2021-10-04 03:08:46'),(45,'editor','127.0.0.1','å†…ç½‘IP','Firefox 56','Windows 10','1','éªŒè¯ç é”™è¯¯','2021-10-04 03:10:59'),(46,'editor','127.0.0.1','å†…ç½‘IP','Firefox 56','Windows 10','0','ç™»å½•æˆåŠŸ','2021-10-04 03:11:03'),(47,'editor','127.0.0.1','å†…ç½‘IP','Firefox 56','Windows 10','0','ç™»å½•æˆåŠŸ','2021-10-04 03:28:21'),(48,'editor','127.0.0.1','å†…ç½‘IP','Firefox 56','Windows 10','0','ç™»å½•æˆåŠŸ','2021-10-04 03:40:15'),(49,'editor','127.0.0.1','å†…ç½‘IP','Firefox 56','Windows 10','1','éªŒè¯ç é”™è¯¯','2021-10-04 03:51:28'),(50,'editor','127.0.0.1','å†…ç½‘IP','Firefox 56','Windows 10','0','ç™»å½•æˆåŠŸ','2021-10-04 03:51:32'),(51,'editor','127.0.0.1','å†…ç½‘IP','Firefox 56','Windows 10','0','ç™»å½•æˆåŠŸ','2021-10-04 03:54:30'),(52,'editor','127.0.0.1','å†…ç½‘IP','Firefox 56','Windows 10','1','éªŒè¯ç é”™è¯¯','2021-10-04 04:15:17'),(53,'editor','127.0.0.1','å†…ç½‘IP','Firefox 56','Windows 10','0','ç™»å½•æˆåŠŸ','2021-10-04 04:15:20'),(54,'editor','127.0.0.1','å†…ç½‘IP','Firefox 56','Windows 10','0','ç™»å½•æˆåŠŸ','2021-10-04 04:16:09'),(55,'editor','127.0.0.1','å†…ç½‘IP','Firefox 56','Windows 10','0','ç™»å½•æˆåŠŸ','2021-10-04 04:57:05'),(56,'editor','127.0.0.1','å†…ç½‘IP','Firefox 56','Windows 10','0','ç™»å½•æˆåŠŸ','2021-10-04 04:59:18'),(57,'admin','127.0.0.1','å†…ç½‘IP','Firefox 56','Windows 10','1','å¯†ç è¾“å…¥é”™è¯¯1æ¬¡','2021-10-04 05:02:25'),(58,'admin','127.0.0.1','å†…ç½‘IP','Firefox 56','Windows 10','0','ç™»å½•æˆåŠŸ','2021-10-04 05:02:31'),(59,'editor','127.0.0.1','å†…ç½‘IP','Firefox 56','Windows 10','0','ç™»å½•æˆåŠŸ','2021-10-04 05:05:21'),(60,'editor','127.0.0.1','å†…ç½‘IP','Firefox 56','Windows 10','0','ç™»å½•æˆåŠŸ','2021-10-04 05:57:21'),(61,'editor','127.0.0.1','å†…ç½‘IP','Firefox 56','Windows 10','0','ç™»å½•æˆåŠŸ','2021-10-04 06:22:35'),(62,'editor','127.0.0.1','å†…ç½‘IP','Firefox 56','Windows 10','0','ç™»å½•æˆåŠŸ','2021-10-04 06:26:39'),(63,'editor','127.0.0.1','å†…ç½‘IP','Firefox 56','Windows 10','0','ç™»å½•æˆåŠŸ','2021-10-04 06:31:35'),(64,'editor','127.0.0.1','å†…ç½‘IP','Firefox 56','Windows 10','0','ç™»å½•æˆåŠŸ','2021-10-04 06:37:45'),(65,'editor','127.0.0.1','å†…ç½‘IP','Firefox 56','Windows 10','0','ç™»å½•æˆåŠŸ','2021-10-04 06:51:42'),(66,'editor','127.0.0.1','å†…ç½‘IP','Firefox 56','Windows 10','0','ç™»å½•æˆåŠŸ','2021-10-04 06:53:30'),(67,'editor','127.0.0.1','å†…ç½‘IP','Firefox 56','Windows 10','0','ç™»å½•æˆåŠŸ','2021-10-04 07:10:46'),(68,'editor','127.0.0.1','å†…ç½‘IP','Firefox 56','Windows 10','0','ç™»å½•æˆåŠŸ','2021-10-04 07:20:03'),(69,'editor','127.0.0.1','å†…ç½‘IP','Firefox 56','Windows 10','0','ç™»å½•æˆåŠŸ','2021-10-04 07:25:34'),(70,'editor','127.0.0.1','å†…ç½‘IP','Firefox 56','Windows 10','0','ç™»å½•æˆåŠŸ','2021-10-04 07:30:01'),(71,'editor','127.0.0.1','å†…ç½‘IP','Chrome 9','Linux','0','ç™»å½•æˆåŠŸ','2021-10-05 05:07:33'),(72,'editor','127.0.0.1','å†…ç½‘IP','Chrome 9','Linux','0','é€€å‡ºæˆåŠŸ','2021-10-05 05:13:17'),(73,'admin','127.0.0.1','å†…ç½‘IP','Chrome 9','Linux','1','å¯†ç è¾“å…¥é”™è¯¯1æ¬¡','2021-10-05 05:13:34'),(74,'admin','127.0.0.1','å†…ç½‘IP','Chrome 9','Linux','0','ç™»å½•æˆåŠŸ','2021-10-05 05:13:41'),(75,'editor','127.0.0.1','å†…ç½‘IP','Chrome 9','Linux','0','ç™»å½•æˆåŠŸ','2021-10-05 08:19:33'),(76,'editor','127.0.0.1','å†…ç½‘IP','Chrome 9','Linux','0','ç™»å½•æˆåŠŸ','2021-10-05 08:32:42'),(77,'editor','127.0.0.1','å†…ç½‘IP','Chrome 9','Linux','0','ç™»å½•æˆåŠŸ','2021-10-05 08:34:44'),(78,'editor','127.0.0.1','å†…ç½‘IP','Chrome 9','Linux','0','ç™»å½•æˆåŠŸ','2021-10-05 08:38:29'),(79,'editor','127.0.0.1','å†…ç½‘IP','Chrome 9','Linux','0','ç™»å½•æˆåŠŸ','2021-10-05 08:40:51'),(80,'editor','127.0.0.1','å†…ç½‘IP','Chrome 9','Linux','0','ç™»å½•æˆåŠŸ','2021-10-05 08:43:07'),(81,'editor','127.0.0.1','å†…ç½‘IP','Chrome 9','Linux','0','ç™»å½•æˆåŠŸ','2021-10-05 08:44:31'),(82,'editor','127.0.0.1','å†…ç½‘IP','Chrome 9','Linux','0','ç™»å½•æˆåŠŸ','2021-10-05 08:47:20'),(83,'editor','127.0.0.1','å†…ç½‘IP','Chrome 9','Linux','0','ç™»å½•æˆåŠŸ','2021-10-05 08:50:22'),(84,'editor','127.0.0.1','å†…ç½‘IP','Chrome 9','Linux','0','ç™»å½•æˆåŠŸ','2021-10-05 08:51:31'),(85,'editor','127.0.0.1','å†…ç½‘IP','Chrome 9','Linux','0','é€€å‡ºæˆåŠŸ','2021-10-05 08:54:47'),(86,'editor','127.0.0.1','å†…ç½‘IP','Chrome 9','Linux','0','ç™»å½•æˆåŠŸ','2021-10-05 08:54:50'),(87,'editor','127.0.0.1','å†…ç½‘IP','Chrome 9','Linux','0','é€€å‡ºæˆåŠŸ','2021-10-05 08:56:01'),(88,'admin','127.0.0.1','å†…ç½‘IP','Chrome 9','Linux','1','å¯†ç è¾“å…¥é”™è¯¯1æ¬¡','2021-10-05 08:56:08'),(89,'admin','127.0.0.1','å†…ç½‘IP','Chrome 9','Linux','0','ç™»å½•æˆåŠŸ','2021-10-05 08:56:12'),(90,'editor','127.0.0.1','å†…ç½‘IP','Chrome 9','Linux','0','ç™»å½•æˆåŠŸ','2021-10-05 09:04:43'),(91,'editor','127.0.0.1','å†…ç½‘IP','Chrome 9','Linux','0','ç™»å½•æˆåŠŸ','2021-10-05 09:16:05'),(92,'editor','127.0.0.1','å†…ç½‘IP','Chrome 9','Linux','0','ç™»å½•æˆåŠŸ','2021-10-05 09:19:26'),(93,'editor','127.0.0.1','å†…ç½‘IP','Chrome 9','Linux','0','é€€å‡ºæˆåŠŸ','2021-10-05 09:22:22'),(94,'editor','127.0.0.1','å†…ç½‘IP','Chrome 9','Linux','0','ç™»å½•æˆåŠŸ','2021-10-05 09:23:25'),(95,'editor','127.0.0.1','å†…ç½‘IP','Chrome 9','Linux','0','é€€å‡ºæˆåŠŸ','2021-10-05 09:24:46'),(96,'admin','127.0.0.1','å†…ç½‘IP','Chrome 9','Linux','0','ç™»å½•æˆåŠŸ','2021-10-05 09:24:52'),(97,'editor','127.0.0.1','å†…ç½‘IP','Chrome 9','Linux','0','ç™»å½•æˆåŠŸ','2021-10-05 09:29:03'),(98,'editor','127.0.0.1','å†…ç½‘IP','Chrome 9','Linux','0','ç™»å½•æˆåŠŸ','2021-10-05 09:29:51'),(99,'editor','127.0.0.1','å†…ç½‘IP','Chrome 9','Linux','0','ç™»å½•æˆåŠŸ','2021-10-05 09:34:27'),(100,'editor','127.0.0.1','å†…ç½‘IP','Chrome 9','Linux','0','ç™»å½•æˆåŠŸ','2021-10-05 09:37:17'),(101,'editor','127.0.0.1','å†…ç½‘IP','Chrome 9','Linux','0','ç™»å½•æˆåŠŸ','2021-10-05 09:42:07'),(102,'editor','127.0.0.1','å†…ç½‘IP','Chrome 9','Linux','0','ç™»å½•æˆåŠŸ','2021-10-05 09:44:30'),(103,'editor','127.0.0.1','å†…ç½‘IP','Chrome 9','Linux','0','ç™»å½•æˆåŠŸ','2021-10-05 09:46:10'),(104,'editor','127.0.0.1','å†…ç½‘IP','Chrome 9','Linux','0','ç™»å½•æˆåŠŸ','2021-10-05 09:50:50'),(105,'editor','127.0.0.1','å†…ç½‘IP','Chrome 9','Linux','0','ç™»å½•æˆåŠŸ','2021-10-05 10:00:46'),(106,'editor','127.0.0.1','å†…ç½‘IP','Chrome 9','Linux','0','ç™»å½•æˆåŠŸ','2021-10-05 10:06:05'),(107,'editor','127.0.0.1','å†…ç½‘IP','Chrome 9','Linux','0','é€€å‡ºæˆåŠŸ','2021-10-05 10:31:48'),(108,'admin','127.0.0.1','å†…ç½‘IP','Chrome 9','Linux','0','ç™»å½•æˆåŠŸ','2021-10-05 10:31:56'),(109,'admin','127.0.0.1','å†…ç½‘IP','Chrome 9','Linux','0','é€€å‡ºæˆåŠŸ','2021-10-05 10:33:42'),(110,'editor','127.0.0.1','å†…ç½‘IP','Chrome 9','Linux','0','ç™»å½•æˆåŠŸ','2021-10-05 10:33:46'),(111,'editor','127.0.0.1','å†…ç½‘IP','Chrome 9','Linux','0','é€€å‡ºæˆåŠŸ','2021-10-05 10:33:59'),(112,'admin','127.0.0.1','å†…ç½‘IP','Chrome 9','Linux','1','å¯†ç è¾“å…¥é”™è¯¯1æ¬¡','2021-10-05 10:34:05'),(113,'admin','127.0.0.1','å†…ç½‘IP','Chrome 9','Linux','0','ç™»å½•æˆåŠŸ','2021-10-05 10:34:08'),(114,'admin','127.0.0.1','å†…ç½‘IP','Chrome 9','Linux','0','é€€å‡ºæˆåŠŸ','2021-10-05 10:34:35'),(115,'editor','127.0.0.1','å†…ç½‘IP','Chrome 9','Linux','0','ç™»å½•æˆåŠŸ','2021-10-05 10:34:39'),(116,'editor','127.0.0.1','å†…ç½‘IP','Chrome 9','Linux','0','ç™»å½•æˆåŠŸ','2021-10-05 10:36:17'),(117,'editor','127.0.0.1','å†…ç½‘IP','Chrome 9','Linux','0','ç™»å½•æˆåŠŸ','2021-10-05 10:37:40'),(118,'editor','127.0.0.1','å†…ç½‘IP','Chrome 9','Linux','0','ç™»å½•æˆåŠŸ','2021-10-05 10:38:23'),(119,'editor','127.0.0.1','å†…ç½‘IP','Chrome 9','Linux','0','ç™»å½•æˆåŠŸ','2021-10-05 11:04:33'),(120,'editor','127.0.0.1','å†…ç½‘IP','Chrome 9','Linux','0','ç™»å½•æˆåŠŸ','2021-10-05 11:05:55'),(121,'editor','127.0.0.1','å†…ç½‘IP','Chrome 9','Linux','0','ç™»å½•æˆåŠŸ','2021-10-05 11:13:03'),(122,'editor','127.0.0.1','å†…ç½‘IP','Chrome 9','Linux','0','ç™»å½•æˆåŠŸ','2021-10-05 11:16:32'),(123,'editor','127.0.0.1','å†…ç½‘IP','Chrome 9','Linux','0','ç™»å½•æˆåŠŸ','2021-10-05 12:07:31'),(124,'editor','127.0.0.1','å†…ç½‘IP','Chrome 9','Linux','0','ç™»å½•æˆåŠŸ','2021-10-05 12:11:06'),(125,'editor','127.0.0.1','å†…ç½‘IP','Chrome 9','Linux','0','ç™»å½•æˆåŠŸ','2021-10-05 12:15:46'),(126,'editor','127.0.0.1','å†…ç½‘IP','Chrome 9','Linux','0','ç™»å½•æˆåŠŸ','2021-10-05 12:16:51'),(127,'editor','127.0.0.1','å†…ç½‘IP','Chrome 9','Linux','0','ç™»å½•æˆåŠŸ','2021-10-05 12:18:21'),(128,'editor','127.0.0.1','å†…ç½‘IP','Chrome 9','Linux','0','ç™»å½•æˆåŠŸ','2021-10-05 12:19:26'),(129,'editor','127.0.0.1','å†…ç½‘IP','Chrome 9','Linux','0','ç™»å½•æˆåŠŸ','2021-10-05 12:20:41'),(130,'editor','127.0.0.1','å†…ç½‘IP','Chrome 9','Linux','0','ç™»å½•æˆåŠŸ','2021-10-05 12:23:32'),(131,'editor','127.0.0.1','å†…ç½‘IP','Chrome 9','Linux','0','ç™»å½•æˆåŠŸ','2021-10-05 12:27:24'),(132,'editor','127.0.0.1','å†…ç½‘IP','Chrome 9','Linux','0','ç™»å½•æˆåŠŸ','2021-10-05 12:30:06'),(133,'editor','127.0.0.1','å†…ç½‘IP','Chrome 9','Linux','0','ç™»å½•æˆåŠŸ','2021-10-05 14:06:19'),(134,'editor','127.0.0.1','å†…ç½‘IP','Chrome 9','Linux','0','ç™»å½•æˆåŠŸ','2021-10-05 14:30:56'),(135,'editor','127.0.0.1','å†…ç½‘IP','Chrome 9','Linux','0','ç™»å½•æˆåŠŸ','2021-10-05 14:32:41'),(136,'editor','127.0.0.1','å†…ç½‘IP','Chrome 9','Linux','0','ç™»å½•æˆåŠŸ','2021-10-05 14:41:18'),(137,'editor','127.0.0.1','å†…ç½‘IP','Chrome 9','Linux','0','ç™»å½•æˆåŠŸ','2021-10-05 14:51:42'),(138,'editor','127.0.0.1','å†…ç½‘IP','Chrome 9','Linux','0','ç™»å½•æˆåŠŸ','2021-10-05 15:00:08'),(139,'editor','127.0.0.1','å†…ç½‘IP','Chrome 9','Linux','0','ç™»å½•æˆåŠŸ','2021-10-05 15:07:28'),(140,'editor','127.0.0.1','å†…ç½‘IP','Chrome 9','Linux','0','ç™»å½•æˆåŠŸ','2021-10-05 15:37:04'),(141,'editor','127.0.0.1','å†…ç½‘IP','Chrome 9','Linux','0','ç™»å½•æˆåŠŸ','2021-10-05 15:43:50'),(142,'editor','127.0.0.1','å†…ç½‘IP','Chrome 9','Linux','0','ç™»å½•æˆåŠŸ','2021-10-05 15:45:57'),(143,'editor','127.0.0.1','å†…ç½‘IP','Chrome 9','Linux','0','ç™»å½•æˆåŠŸ','2021-10-05 15:49:53'),(144,'editor','127.0.0.1','å†…ç½‘IP','Chrome 9','Linux','0','ç™»å½•æˆåŠŸ','2021-10-05 15:51:29'),(145,'editor','127.0.0.1','å†…ç½‘IP','Chrome 9','Linux','0','ç™»å½•æˆåŠŸ','2021-10-05 15:56:10'),(146,'editor','127.0.0.1','å†…ç½‘IP','Chrome 9','Linux','0','ç™»å½•æˆåŠŸ','2021-10-05 16:00:49'),(147,'editor','127.0.0.1','å†…ç½‘IP','Chrome 9','Linux','0','é€€å‡ºæˆåŠŸ','2021-10-05 16:03:40'),(148,'editor','127.0.0.1','å†…ç½‘IP','Chrome 9','Linux','0','ç™»å½•æˆåŠŸ','2021-10-06 03:58:05'),(149,'editor','127.0.0.1','å†…ç½‘IP','Chrome 9','Linux','0','ç™»å½•æˆåŠŸ','2021-10-06 04:14:42'),(150,'editor','127.0.0.1','å†…ç½‘IP','Chrome 9','Linux','0','ç™»å½•æˆåŠŸ','2021-10-07 04:46:37'),(151,'editor','127.0.0.1','å†…ç½‘IP','Chrome 9','Linux','0','é€€å‡ºæˆåŠŸ','2021-10-07 04:49:21'),(152,'admin','127.0.0.1','å†…ç½‘IP','Chrome 9','Linux','1','å¯†ç è¾“å…¥é”™è¯¯1æ¬¡','2021-10-07 04:49:31'),(153,'admin','127.0.0.1','å†…ç½‘IP','Chrome 9','Linux','1','å¯†ç è¾“å…¥é”™è¯¯2æ¬¡','2021-10-07 04:49:35'),(154,'admin','127.0.0.1','å†…ç½‘IP','Chrome 9','Linux','1','å¯†ç è¾“å…¥é”™è¯¯3æ¬¡','2021-10-07 04:49:38'),(155,'admin','127.0.0.1','å†…ç½‘IP','Chrome 9','Linux','0','ç™»å½•æˆåŠŸ','2021-10-07 04:49:41'),(156,'admin','127.0.0.1','å†…ç½‘IP','Chrome 9','Linux','1','å¯†ç è¾“å…¥é”™è¯¯1æ¬¡','2021-10-07 05:03:15'),(157,'admin','127.0.0.1','å†…ç½‘IP','Chrome 9','Linux','0','ç™»å½•æˆåŠŸ','2021-10-07 05:03:18'),(158,'admin','127.0.0.1','å†…ç½‘IP','Chrome 9','Linux','0','é€€å‡ºæˆåŠŸ','2021-10-07 05:04:27'),(159,'editor','127.0.0.1','å†…ç½‘IP','Chrome 9','Linux','0','ç™»å½•æˆåŠŸ','2021-10-07 05:04:31'),(160,'editor','127.0.0.1','å†…ç½‘IP','Chrome 9','Linux','0','ç™»å½•æˆåŠŸ','2021-10-07 05:20:03'),(161,'editor','127.0.0.1','å†…ç½‘IP','Chrome 9','Linux','0','ç™»å½•æˆåŠŸ','2021-10-07 05:38:43'),(162,'editor','127.0.0.1','å†…ç½‘IP','Chrome 9','Linux','0','ç™»å½•æˆåŠŸ','2021-10-07 05:41:07'),(163,'editor','127.0.0.1','å†…ç½‘IP','Chrome 9','Linux','0','ç™»å½•æˆåŠŸ','2021-10-07 05:49:27'),(164,'editor','127.0.0.1','å†…ç½‘IP','Chrome 9','Linux','0','ç™»å½•æˆåŠŸ','2021-10-07 06:07:18'),(165,'editor','127.0.0.1','å†…ç½‘IP','Chrome 9','Linux','0','ç™»å½•æˆåŠŸ','2021-10-07 06:15:52'),(166,'editor','127.0.0.1','å†…ç½‘IP','Chrome 9','Linux','0','ç™»å½•æˆåŠŸ','2021-10-07 06:19:53'),(167,'editor','127.0.0.1','å†…ç½‘IP','Chrome 9','Linux','0','ç™»å½•æˆåŠŸ','2021-10-07 10:40:50'),(168,'editor','127.0.0.1','å†…ç½‘IP','Chrome 9','Linux','0','ç™»å½•æˆåŠŸ','2021-10-07 10:43:09'),(169,'editor','127.0.0.1','å†…ç½‘IP','Chrome 9','Linux','0','ç™»å½•æˆåŠŸ','2021-10-07 10:46:01'),(170,'editor','127.0.0.1','å†…ç½‘IP','Chrome 9','Linux','0','ç™»å½•æˆåŠŸ','2021-10-07 11:38:27'),(171,'editor','127.0.0.1','å†…ç½‘IP','Chrome 9','Linux','0','ç™»å½•æˆåŠŸ','2021-10-07 11:40:28'),(172,'editor','127.0.0.1','å†…ç½‘IP','Chrome 9','Linux','0','ç™»å½•æˆåŠŸ','2021-10-07 11:45:49'),(173,'editor','127.0.0.1','å†…ç½‘IP','Chrome 9','Linux','0','ç™»å½•æˆåŠŸ','2021-10-07 12:17:15'),(174,'editor','127.0.0.1','å†…ç½‘IP','Chrome 9','Linux','0','ç™»å½•æˆåŠŸ','2021-10-07 12:22:51'),(175,'editor','127.0.0.1','å†…ç½‘IP','Chrome 9','Linux','0','ç™»å½•æˆåŠŸ','2021-10-07 12:30:40'),(176,'editor','127.0.0.1','å†…ç½‘IP','Chrome 9','Linux','0','ç™»å½•æˆåŠŸ','2021-10-07 12:42:26'),(177,'editor','127.0.0.1','å†…ç½‘IP','Chrome 9','Linux','0','ç™»å½•æˆåŠŸ','2021-10-07 12:46:24'),(178,'editor','127.0.0.1','å†…ç½‘IP','Chrome 9','Linux','0','ç™»å½•æˆåŠŸ','2021-10-07 15:28:51'),(179,'editor','127.0.0.1','å†…ç½‘IP','Chrome 9','Linux','0','ç™»å½•æˆåŠŸ','2021-10-07 15:30:29'),(180,'editor','127.0.0.1','å†…ç½‘IP','Chrome 9','Linux','0','ç™»å½•æˆåŠŸ','2021-10-07 15:31:38'),(181,'editor','127.0.0.1','å†…ç½‘IP','Chrome 9','Linux','0','ç™»å½•æˆåŠŸ','2021-10-07 15:33:34'),(182,'editor','127.0.0.1','å†…ç½‘IP','Chrome 9','Linux','0','ç™»å½•æˆåŠŸ','2021-10-07 16:09:13'),(183,'editor','127.0.0.1','å†…ç½‘IP','Chrome 9','Linux','0','ç™»å½•æˆåŠŸ','2021-10-07 16:10:44'),(184,'editor','127.0.0.1','å†…ç½‘IP','Chrome 9','Linux','0','ç™»å½•æˆåŠŸ','2021-10-07 16:13:29'),(185,'editor','127.0.0.1','å†…ç½‘IP','Chrome 9','Linux','0','ç™»å½•æˆåŠŸ','2021-10-07 16:15:21'),(186,'editor','127.0.0.1','å†…ç½‘IP','Chrome 9','Linux','0','ç™»å½•æˆåŠŸ','2021-10-07 16:19:38'),(187,'editor','127.0.0.1','å†…ç½‘IP','Chrome 9','Linux','0','ç™»å½•æˆåŠŸ','2021-10-07 16:23:21'),(188,'editor','127.0.0.1','å†…ç½‘IP','Chrome 9','Linux','0','ç™»å½•æˆåŠŸ','2021-10-08 02:49:04');
/*!40000 ALTER TABLE `sys_logininfor` ENABLE KEYS */;
UNLOCK TABLES;

--
-- Table structure for table `sys_menu`
--

DROP TABLE IF EXISTS `sys_menu`;
/*!40101 SET @saved_cs_client     = @@character_set_client */;
/*!50503 SET character_set_client = utf8mb4 */;
CREATE TABLE `sys_menu` (
  `menu_id` bigint(20) NOT NULL AUTO_INCREMENT COMMENT 'èœå•ID',
  `menu_name` varchar(50) NOT NULL COMMENT 'èœå•åç§°',
  `parent_id` bigint(20) DEFAULT '0' COMMENT 'çˆ¶èœå•ID',
  `order_num` int(4) DEFAULT '0' COMMENT 'æ˜¾ç¤ºé¡ºåº',
  `url` varchar(200) DEFAULT '#' COMMENT 'è¯·æ±‚åœ°å€',
  `target` varchar(20) DEFAULT '' COMMENT 'æ‰“å¼€æ–¹å¼ï¼ˆmenuItemé¡µç­¾ menuBlankæ–°çª—å£ï¼‰',
  `menu_type` char(1) DEFAULT '' COMMENT 'èœå•ç±»å‹ï¼ˆMç›®å½• Cèœå• FæŒ‰é’®ï¼‰',
  `visible` char(1) DEFAULT '0' COMMENT 'èœå•çŠ¶æ€ï¼ˆ0æ˜¾ç¤º 1éšè—ï¼‰',
  `is_refresh` char(1) DEFAULT '1' COMMENT 'æ˜¯å¦åˆ·æ–°ï¼ˆ0åˆ·æ–° 1ä¸åˆ·æ–°ï¼‰',
  `perms` varchar(100) DEFAULT NULL COMMENT 'æƒé™æ ‡è¯†',
  `icon` varchar(100) DEFAULT '#' COMMENT 'èœå•å›¾æ ‡',
  `create_by` varchar(64) DEFAULT '' COMMENT 'åˆ›å»ºè€…',
  `create_time` datetime DEFAULT NULL COMMENT 'åˆ›å»ºæ—¶é—´',
  `update_by` varchar(64) DEFAULT '' COMMENT 'æ›´æ–°è€…',
  `update_time` datetime DEFAULT NULL COMMENT 'æ›´æ–°æ—¶é—´',
  `remark` varchar(500) DEFAULT '' COMMENT 'å¤‡æ³¨',
  PRIMARY KEY (`menu_id`)
) ENGINE=InnoDB AUTO_INCREMENT=1066 DEFAULT CHARSET=utf8 COMMENT='èœå•æƒé™è¡¨';
/*!40101 SET character_set_client = @saved_cs_client */;

--
-- Dumping data for table `sys_menu`
--

LOCK TABLES `sys_menu` WRITE;
/*!40000 ALTER TABLE `sys_menu` DISABLE KEYS */;
INSERT INTO `sys_menu` VALUES (1,'ç³»ç»Ÿç®¡ç†',0,1,'#','','M','0','1','','fa fa-gear','admin','2021-08-09 13:10:04','',NULL,'ç³»ç»Ÿç®¡ç†ç›®å½•'),(2,'ç³»ç»Ÿç›‘æ§',0,2,'#','','M','0','1','','fa fa-video-camera','admin','2021-08-09 13:10:04','',NULL,'ç³»ç»Ÿç›‘æ§ç›®å½•'),(3,'ç³»ç»Ÿå·¥å…·',0,3,'#','','M','0','1','','fa fa-bars','admin','2021-08-09 13:10:04','',NULL,'ç³»ç»Ÿå·¥å…·ç›®å½•'),(4,'è‹¥ä¾å®˜ç½‘',0,4,'http://ruoyi.vip','menuBlank','C','0','1','','fa fa-location-arrow','admin','2021-08-09 13:10:04','',NULL,'è‹¥ä¾å®˜ç½‘åœ°å€'),(100,'ç”¨æˆ·ç®¡ç†',1,1,'/system/user','','C','0','1','system:user:view','fa fa-user-o','admin','2021-08-09 13:10:04','',NULL,'ç”¨æˆ·ç®¡ç†èœå•'),(101,'è§’è‰²ç®¡ç†',1,2,'/system/role','','C','0','1','system:role:view','fa fa-user-secret','admin','2021-08-09 13:10:04','',NULL,'è§’è‰²ç®¡ç†èœå•'),(102,'èœå•ç®¡ç†',1,3,'/system/menu','','C','0','1','system:menu:view','fa fa-th-list','admin','2021-08-09 13:10:04','',NULL,'èœå•ç®¡ç†èœå•'),(103,'éƒ¨é—¨ç®¡ç†',1,4,'/system/dept','','C','0','1','system:dept:view','fa fa-outdent','admin','2021-08-09 13:10:04','',NULL,'éƒ¨é—¨ç®¡ç†èœå•'),(104,'å²—ä½ç®¡ç†',1,5,'/system/post','','C','0','1','system:post:view','fa fa-address-card-o','admin','2021-08-09 13:10:04','',NULL,'å²—ä½ç®¡ç†èœå•'),(105,'å­—å…¸ç®¡ç†',1,6,'/system/dict','','C','0','1','system:dict:view','fa fa-bookmark-o','admin','2021-08-09 13:10:04','',NULL,'å­—å…¸ç®¡ç†èœå•'),(106,'å‚æ•°è®¾ç½®',1,7,'/system/config','','C','0','1','system:config:view','fa fa-sun-o','admin','2021-08-09 13:10:04','',NULL,'å‚æ•°è®¾ç½®èœå•'),(107,'é€šçŸ¥å…¬å‘Š',1,8,'/system/notice','','C','0','1','system:notice:view','fa fa-bullhorn','admin','2021-08-09 13:10:04','',NULL,'é€šçŸ¥å…¬å‘Šèœå•'),(108,'æ—¥å¿—ç®¡ç†',1,9,'#','','M','0','1','','fa fa-pencil-square-o','admin','2021-08-09 13:10:04','',NULL,'æ—¥å¿—ç®¡ç†èœå•'),(109,'åœ¨çº¿ç”¨æˆ·',2,1,'/monitor/online','','C','0','1','monitor:online:view','fa fa-user-circle','admin','2021-08-09 13:10:04','',NULL,'åœ¨çº¿ç”¨æˆ·èœå•'),(110,'å®šæ—¶ä»»åŠ¡',2,2,'/monitor/job','','C','0','1','monitor:job:view','fa fa-tasks','admin','2021-08-09 13:10:04','',NULL,'å®šæ—¶ä»»åŠ¡èœå•'),(111,'æ•°æ®ç›‘æ§',2,3,'/monitor/data','','C','0','1','monitor:data:view','fa fa-bug','admin','2021-08-09 13:10:04','',NULL,'æ•°æ®ç›‘æ§èœå•'),(112,'æœåŠ¡ç›‘æ§',2,4,'/monitor/server','','C','0','1','monitor:server:view','fa fa-server','admin','2021-08-09 13:10:04','',NULL,'æœåŠ¡ç›‘æ§èœå•'),(113,'ç¼“å­˜ç›‘æ§',2,5,'/monitor/cache','','C','0','1','monitor:cache:view','fa fa-cube','admin','2021-08-09 13:10:04','',NULL,'ç¼“å­˜ç›‘æ§èœå•'),(114,'è¡¨å•æ„å»º',3,1,'/tool/build','','C','0','1','tool:build:view','fa fa-wpforms','admin','2021-08-09 13:10:05','',NULL,'è¡¨å•æ„å»ºèœå•'),(115,'ä»£ç ç”Ÿæˆ',3,2,'/tool/gen','','C','0','1','tool:gen:view','fa fa-code','admin','2021-08-09 13:10:05','',NULL,'ä»£ç ç”Ÿæˆèœå•'),(116,'ç³»ç»Ÿæ¥å£',3,3,'/tool/swagger','','C','0','1','tool:swagger:view','fa fa-gg','admin','2021-08-09 13:10:05','',NULL,'ç³»ç»Ÿæ¥å£èœå•'),(500,'æ“ä½œæ—¥å¿—',108,1,'/monitor/operlog','','C','0','1','monitor:operlog:view','fa fa-address-book','admin','2021-08-09 13:10:05','',NULL,'æ“ä½œæ—¥å¿—èœå•'),(501,'ç™»å½•æ—¥å¿—',108,2,'/monitor/logininfor','','C','0','1','monitor:logininfor:view','fa fa-file-image-o','admin','2021-08-09 13:10:05','',NULL,'ç™»å½•æ—¥å¿—èœå•'),(1000,'ç”¨æˆ·æŸ¥è¯¢',100,1,'#','','F','0','1','system:user:list','#','admin','2021-08-09 13:10:05','',NULL,''),(1001,'ç”¨æˆ·æ–°å¢',100,2,'#','','F','0','1','system:user:add','#','admin','2021-08-09 13:10:05','',NULL,''),(1002,'ç”¨æˆ·ä¿®æ”¹',100,3,'#','','F','0','1','system:user:edit','#','admin','2021-08-09 13:10:05','',NULL,''),(1003,'ç”¨æˆ·åˆ é™¤',100,4,'#','','F','0','1','system:user:remove','#','admin','2021-08-09 13:10:05','',NULL,''),(1004,'ç”¨æˆ·å¯¼å‡º',100,5,'#','','F','0','1','system:user:export','#','admin','2021-08-09 13:10:05','',NULL,''),(1005,'ç”¨æˆ·å¯¼å…¥',100,6,'#','','F','0','1','system:user:import','#','admin','2021-08-09 13:10:05','',NULL,''),(1006,'é‡ç½®å¯†ç ',100,7,'#','','F','0','1','system:user:resetPwd','#','admin','2021-08-09 13:10:05','',NULL,''),(1007,'è§’è‰²æŸ¥è¯¢',101,1,'#','','F','0','1','system:role:list','#','admin','2021-08-09 13:10:05','',NULL,''),(1008,'è§’è‰²æ–°å¢',101,2,'#','','F','0','1','system:role:add','#','admin','2021-08-09 13:10:05','',NULL,''),(1009,'è§’è‰²ä¿®æ”¹',101,3,'#','','F','0','1','system:role:edit','#','admin','2021-08-09 13:10:05','',NULL,''),(1010,'è§’è‰²åˆ é™¤',101,4,'#','','F','0','1','system:role:remove','#','admin','2021-08-09 13:10:05','',NULL,''),(1011,'è§’è‰²å¯¼å‡º',101,5,'#','','F','0','1','system:role:export','#','admin','2021-08-09 13:10:05','',NULL,''),(1012,'èœå•æŸ¥è¯¢',102,1,'#','','F','0','1','system:menu:list','#','admin','2021-08-09 13:10:05','',NULL,''),(1013,'èœå•æ–°å¢',102,2,'#','','F','0','1','system:menu:add','#','admin','2021-08-09 13:10:05','',NULL,''),(1014,'èœå•ä¿®æ”¹',102,3,'#','','F','0','1','system:menu:edit','#','admin','2021-08-09 13:10:05','',NULL,''),(1015,'èœå•åˆ é™¤',102,4,'#','','F','0','1','system:menu:remove','#','admin','2021-08-09 13:10:05','',NULL,''),(1016,'éƒ¨é—¨æŸ¥è¯¢',103,1,'#','','F','0','1','system:dept:list','#','admin','2021-08-09 13:10:05','',NULL,''),(1017,'éƒ¨é—¨æ–°å¢',103,2,'#','','F','0','1','system:dept:add','#','admin','2021-08-09 13:10:05','',NULL,''),(1018,'éƒ¨é—¨ä¿®æ”¹',103,3,'#','','F','0','1','system:dept:edit','#','admin','2021-08-09 13:10:05','',NULL,''),(1019,'éƒ¨é—¨åˆ é™¤',103,4,'#','','F','0','1','system:dept:remove','#','admin','2021-08-09 13:10:05','',NULL,''),(1020,'å²—ä½æŸ¥è¯¢',104,1,'#','','F','0','1','system:post:list','#','admin','2021-08-09 13:10:05','',NULL,''),(1021,'å²—ä½æ–°å¢',104,2,'#','','F','0','1','system:post:add','#','admin','2021-08-09 13:10:06','',NULL,''),(1022,'å²—ä½ä¿®æ”¹',104,3,'#','','F','0','1','system:post:edit','#','admin','2021-08-09 13:10:06','',NULL,''),(1023,'å²—ä½åˆ é™¤',104,4,'#','','F','0','1','system:post:remove','#','admin','2021-08-09 13:10:06','',NULL,''),(1024,'å²—ä½å¯¼å‡º',104,5,'#','','F','0','1','system:post:export','#','admin','2021-08-09 13:10:06','',NULL,''),(1025,'å­—å…¸æŸ¥è¯¢',105,1,'#','','F','0','1','system:dict:list','#','admin','2021-08-09 13:10:06','',NULL,''),(1026,'å­—å…¸æ–°å¢',105,2,'#','','F','0','1','system:dict:add','#','admin','2021-08-09 13:10:06','',NULL,''),(1027,'å­—å…¸ä¿®æ”¹',105,3,'#','','F','0','1','system:dict:edit','#','admin','2021-08-09 13:10:06','',NULL,''),(1028,'å­—å…¸åˆ é™¤',105,4,'#','','F','0','1','system:dict:remove','#','admin','2021-08-09 13:10:06','',NULL,''),(1029,'å­—å…¸å¯¼å‡º',105,5,'#','','F','0','1','system:dict:export','#','admin','2021-08-09 13:10:06','',NULL,''),(1030,'å‚æ•°æŸ¥è¯¢',106,1,'#','','F','0','1','system:config:list','#','admin','2021-08-09 13:10:06','',NULL,''),(1031,'å‚æ•°æ–°å¢',106,2,'#','','F','0','1','system:config:add','#','admin','2021-08-09 13:10:06','',NULL,''),(1032,'å‚æ•°ä¿®æ”¹',106,3,'#','','F','0','1','system:config:edit','#','admin','2021-08-09 13:10:06','',NULL,''),(1033,'å‚æ•°åˆ é™¤',106,4,'#','','F','0','1','system:config:remove','#','admin','2021-08-09 13:10:06','',NULL,''),(1034,'å‚æ•°å¯¼å‡º',106,5,'#','','F','0','1','system:config:export','#','admin','2021-08-09 13:10:06','',NULL,''),(1035,'å…¬å‘ŠæŸ¥è¯¢',107,1,'#','','F','0','1','system:notice:list','#','admin','2021-08-09 13:10:06','',NULL,''),(1036,'å…¬å‘Šæ–°å¢',107,2,'#','','F','0','1','system:notice:add','#','admin','2021-08-09 13:10:06','',NULL,''),(1037,'å…¬å‘Šä¿®æ”¹',107,3,'#','','F','0','1','system:notice:edit','#','admin','2021-08-09 13:10:06','',NULL,''),(1038,'å…¬å‘Šåˆ é™¤',107,4,'#','','F','0','1','system:notice:remove','#','admin','2021-08-09 13:10:06','',NULL,''),(1039,'æ“ä½œæŸ¥è¯¢',500,1,'#','','F','0','1','monitor:operlog:list','#','admin','2021-08-09 13:10:06','',NULL,''),(1040,'æ“ä½œåˆ é™¤',500,2,'#','','F','0','1','monitor:operlog:remove','#','admin','2021-08-09 13:10:06','',NULL,''),(1041,'è¯¦ç»†ä¿¡æ¯',500,3,'#','','F','0','1','monitor:operlog:detail','#','admin','2021-08-09 13:10:06','',NULL,''),(1042,'æ—¥å¿—å¯¼å‡º',500,4,'#','','F','0','1','monitor:operlog:export','#','admin','2021-08-09 13:10:06','',NULL,''),(1043,'ç™»å½•æŸ¥è¯¢',501,1,'#','','F','0','1','monitor:logininfor:list','#','admin','2021-08-09 13:10:06','',NULL,''),(1044,'ç™»å½•åˆ é™¤',501,2,'#','','F','0','1','monitor:logininfor:remove','#','admin','2021-08-09 13:10:06','',NULL,''),(1045,'æ—¥å¿—å¯¼å‡º',501,3,'#','','F','0','1','monitor:logininfor:export','#','admin','2021-08-09 13:10:07','',NULL,''),(1046,'è´¦æˆ·è§£é”',501,4,'#','','F','0','1','monitor:logininfor:unlock','#','admin','2021-08-09 13:10:07','',NULL,''),(1047,'åœ¨çº¿æŸ¥è¯¢',109,1,'#','','F','0','1','monitor:online:list','#','admin','2021-08-09 13:10:07','',NULL,''),(1048,'æ‰¹é‡å¼ºé€€',109,2,'#','','F','0','1','monitor:online:batchForceLogout','#','admin','2021-08-09 13:10:07','',NULL,''),(1049,'å•æ¡å¼ºé€€',109,3,'#','','F','0','1','monitor:online:forceLogout','#','admin','2021-08-09 13:10:07','',NULL,''),(1050,'ä»»åŠ¡æŸ¥è¯¢',110,1,'#','','F','0','1','monitor:job:list','#','admin','2021-08-09 13:10:07','',NULL,''),(1051,'ä»»åŠ¡æ–°å¢',110,2,'#','','F','0','1','monitor:job:add','#','admin','2021-08-09 13:10:07','',NULL,''),(1052,'ä»»åŠ¡ä¿®æ”¹',110,3,'#','','F','0','1','monitor:job:edit','#','admin','2021-08-09 13:10:07','',NULL,''),(1053,'ä»»åŠ¡åˆ é™¤',110,4,'#','','F','0','1','monitor:job:remove','#','admin','2021-08-09 13:10:08','',NULL,''),(1054,'çŠ¶æ€ä¿®æ”¹',110,5,'#','','F','0','1','monitor:job:changeStatus','#','admin','2021-08-09 13:10:08','',NULL,''),(1055,'ä»»åŠ¡è¯¦ç»†',110,6,'#','','F','0','1','monitor:job:detail','#','admin','2021-08-09 13:10:08','',NULL,''),(1056,'ä»»åŠ¡å¯¼å‡º',110,7,'#','','F','0','1','monitor:job:export','#','admin','2021-08-09 13:10:08','',NULL,''),(1057,'ç”ŸæˆæŸ¥è¯¢',115,1,'#','','F','0','1','tool:gen:list','#','admin','2021-08-09 13:10:08','',NULL,''),(1058,'ç”Ÿæˆä¿®æ”¹',115,2,'#','','F','0','1','tool:gen:edit','#','admin','2021-08-09 13:10:08','',NULL,''),(1059,'ç”Ÿæˆåˆ é™¤',115,3,'#','','F','0','1','tool:gen:remove','#','admin','2021-08-09 13:10:08','',NULL,''),(1060,'é¢„è§ˆä»£ç ',115,4,'#','','F','0','1','tool:gen:preview','#','admin','2021-08-09 13:10:08','',NULL,''),(1061,'ç”Ÿæˆä»£ç ',115,5,'#','','F','0','1','tool:gen:code','#','admin','2021-08-09 13:10:08','',NULL,''),(1062,'ä¹¦ç±ç®¡ç†',0,2,'#','menuItem','M','0','1','','#','admin','2021-10-03 03:07:44','admin','2021-10-03 03:07:58',''),(1063,'å…¨éƒ¨æ•°æ®ç®¡ç†',1062,2,'/book/manage','menuItem','C','0','1','','#','admin','2021-10-03 03:08:44','admin','2021-10-03 03:09:27',''),(1064,'ç”¨æˆ·ç®¡ç†',1062,2,'/book/user','menuItem','C','0','1','','#','admin','2021-10-05 10:33:15','admin','2021-10-05 10:33:34',''),(1065,'åˆé›†ç®¡ç†',1062,2,'/book/collection','menuItem','C','0','1',NULL,'#','admin','2021-10-07 05:04:04','',NULL,'');
/*!40000 ALTER TABLE `sys_menu` ENABLE KEYS */;
UNLOCK TABLES;

--
-- Table structure for table `sys_notice`
--

DROP TABLE IF EXISTS `sys_notice`;
/*!40101 SET @saved_cs_client     = @@character_set_client */;
/*!50503 SET character_set_client = utf8mb4 */;
CREATE TABLE `sys_notice` (
  `notice_id` int(4) NOT NULL AUTO_INCREMENT COMMENT 'å…¬å‘ŠID',
  `notice_title` varchar(50) NOT NULL COMMENT 'å…¬å‘Šæ ‡é¢˜',
  `notice_type` char(1) NOT NULL COMMENT 'å…¬å‘Šç±»å‹ï¼ˆ1é€šçŸ¥ 2å…¬å‘Šï¼‰',
  `notice_content` varchar(2000) DEFAULT NULL COMMENT 'å…¬å‘Šå†…å®¹',
  `status` char(1) DEFAULT '0' COMMENT 'å…¬å‘ŠçŠ¶æ€ï¼ˆ0æ­£å¸¸ 1å…³é—­ï¼‰',
  `create_by` varchar(64) DEFAULT '' COMMENT 'åˆ›å»ºè€…',
  `create_time` datetime DEFAULT NULL COMMENT 'åˆ›å»ºæ—¶é—´',
  `update_by` varchar(64) DEFAULT '' COMMENT 'æ›´æ–°è€…',
  `update_time` datetime DEFAULT NULL COMMENT 'æ›´æ–°æ—¶é—´',
  `remark` varchar(255) DEFAULT NULL COMMENT 'å¤‡æ³¨',
  PRIMARY KEY (`notice_id`)
) ENGINE=InnoDB AUTO_INCREMENT=3 DEFAULT CHARSET=utf8 COMMENT='é€šçŸ¥å…¬å‘Šè¡¨';
/*!40101 SET character_set_client = @saved_cs_client */;

--
-- Dumping data for table `sys_notice`
--

LOCK TABLES `sys_notice` WRITE;
/*!40000 ALTER TABLE `sys_notice` DISABLE KEYS */;
INSERT INTO `sys_notice` VALUES (1,'æ¸©é¦¨æé†’ï¼š2018-07-01 è‹¥ä¾æ–°ç‰ˆæœ¬å‘å¸ƒå•¦','2','æ–°ç‰ˆæœ¬å†…å®¹','0','admin','2021-08-09 13:10:22','',NULL,'ç®¡ç†å‘˜'),(2,'ç»´æŠ¤é€šçŸ¥ï¼š2018-07-01 è‹¥ä¾ç³»ç»Ÿå‡Œæ™¨ç»´æŠ¤','1','ç»´æŠ¤å†…å®¹','0','admin','2021-08-09 13:10:22','',NULL,'ç®¡ç†å‘˜');
/*!40000 ALTER TABLE `sys_notice` ENABLE KEYS */;
UNLOCK TABLES;

--
-- Table structure for table `sys_oper_log`
--

DROP TABLE IF EXISTS `sys_oper_log`;
/*!40101 SET @saved_cs_client     = @@character_set_client */;
/*!50503 SET character_set_client = utf8mb4 */;
CREATE TABLE `sys_oper_log` (
  `oper_id` bigint(20) NOT NULL AUTO_INCREMENT COMMENT 'æ—¥å¿—ä¸»é”®',
  `title` varchar(50) DEFAULT '' COMMENT 'æ¨¡å—æ ‡é¢˜',
  `business_type` int(2) DEFAULT '0' COMMENT 'ä¸šåŠ¡ç±»å‹ï¼ˆ0å…¶å®ƒ 1æ–°å¢ 2ä¿®æ”¹ 3åˆ é™¤ï¼‰',
  `method` varchar(100) DEFAULT '' COMMENT 'æ–¹æ³•åç§°',
  `request_method` varchar(10) DEFAULT '' COMMENT 'è¯·æ±‚æ–¹å¼',
  `operator_type` int(1) DEFAULT '0' COMMENT 'æ“ä½œç±»åˆ«ï¼ˆ0å…¶å®ƒ 1åå°ç”¨æˆ· 2æ‰‹æœºç«¯ç”¨æˆ·ï¼‰',
  `oper_name` varchar(50) DEFAULT '' COMMENT 'æ“ä½œäººå‘˜',
  `dept_name` varchar(50) DEFAULT '' COMMENT 'éƒ¨é—¨åç§°',
  `oper_url` varchar(255) DEFAULT '' COMMENT 'è¯·æ±‚URL',
  `oper_ip` varchar(128) DEFAULT '' COMMENT 'ä¸»æœºåœ°å€',
  `oper_location` varchar(255) DEFAULT '' COMMENT 'æ“ä½œåœ°ç‚¹',
  `oper_param` varchar(2000) DEFAULT '' COMMENT 'è¯·æ±‚å‚æ•°',
  `json_result` varchar(2000) DEFAULT '' COMMENT 'è¿”å›å‚æ•°',
  `status` int(1) DEFAULT '0' COMMENT 'æ“ä½œçŠ¶æ€ï¼ˆ0æ­£å¸¸ 1å¼‚å¸¸ï¼‰',
  `error_msg` varchar(2000) DEFAULT '' COMMENT 'é”™è¯¯æ¶ˆæ¯',
  `oper_time` datetime DEFAULT NULL COMMENT 'æ“ä½œæ—¶é—´',
  PRIMARY KEY (`oper_id`)
) ENGINE=InnoDB AUTO_INCREMENT=24 DEFAULT CHARSET=utf8 COMMENT='æ“ä½œæ—¥å¿—è®°å½•';
/*!40101 SET character_set_client = @saved_cs_client */;

--
-- Dumping data for table `sys_oper_log`
--

LOCK TABLES `sys_oper_log` WRITE;
/*!40000 ALTER TABLE `sys_oper_log` DISABLE KEYS */;
INSERT INTO `sys_oper_log` VALUES (1,'éƒ¨é—¨ç®¡ç†',1,'com.ruoyi.web.controller.system.SysDeptController.addSave()','POST',1,'admin','ç ”å‘éƒ¨é—¨','/system/dept/add','127.0.0.1','å†…ç½‘IP','{\"parentId\":[\"101\"],\"deptName\":[\"fdsf\"],\"orderNum\":[\"1\"],\"leader\":[\"\"],\"phone\":[\"\"],\"email\":[\"\"],\"status\":[\"0\"]}','{\n  \"msg\" : \"æ“ä½œæˆåŠŸ\",\n  \"code\" : 0\n}',0,NULL,'2021-09-11 10:06:37'),(2,'éƒ¨é—¨ç®¡ç†',3,'com.ruoyi.web.controller.system.SysDeptController.remove()','GET',1,'admin','ç ”å‘éƒ¨é—¨','/system/dept/remove/101','127.0.0.1','å†…ç½‘IP','101','{\n  \"msg\" : \"å­˜åœ¨ä¸‹çº§éƒ¨é—¨,ä¸å…è®¸åˆ é™¤\",\n  \"code\" : 301\n}',0,NULL,'2021-09-11 10:06:43'),(3,'ä¸ªäººä¿¡æ¯',2,'com.ruoyi.web.controller.system.SysProfileController.update()','POST',1,'admin','ç ”å‘éƒ¨é—¨','/system/user/profile/update','127.0.0.1','å†…ç½‘IP','{\"id\":[\"\"],\"userName\":[\"è‹¥ä¾\"],\"phonenumber\":[\"15888888888\"],\"email\":[\"ry@163.com\"],\"sex\":[\"0\"]}','{\n  \"msg\" : \"æ“ä½œæˆåŠŸ\",\n  \"code\" : 0\n}',0,NULL,'2021-09-11 12:48:26'),(4,'ä»£ç ç”Ÿæˆ',6,'com.ruoyi.generator.controller.GenController.importTableSave()','POST',1,'admin','ç ”å‘éƒ¨é—¨','/tool/gen/importTable','127.0.0.1','å†…ç½‘IP','{\"tables\":[\"sys_job_log\"]}','{\n  \"msg\" : \"æ“ä½œæˆåŠŸ\",\n  \"code\" : 0\n}',0,NULL,'2021-09-11 12:49:34'),(5,'èœå•ç®¡ç†',3,'com.ruoyi.web.controller.system.SysMenuController.remove()','GET',1,'admin','ç ”å‘éƒ¨é—¨','/system/menu/remove/4','127.0.0.1','å†…ç½‘IP','4','{\"msg\":\"èœå•å·²åˆ†é…,ä¸å…è®¸åˆ é™¤\",\"code\":301}',0,NULL,'2021-10-03 02:51:14'),(6,'å­—å…¸æ•°æ®',2,'com.ruoyi.web.controller.system.SysDictDataController.editSave()','POST',1,'admin','ç ”å‘éƒ¨é—¨','/system/dict/data/edit','127.0.0.1','å†…ç½‘IP','{\"dictCode\":[\"1\"],\"dictLabel\":[\"ç”·1\"],\"dictValue\":[\"0\"],\"dictType\":[\"sys_user_sex\"],\"cssClass\":[\"\"],\"dictSort\":[\"1\"],\"listClass\":[\"\"],\"isDefault\":[\"Y\"],\"status\":[\"0\"],\"remark\":[\"æ€§åˆ«ç”·\"]}','{\"msg\":\"æ“ä½œæˆåŠŸ\",\"code\":0}',0,NULL,'2021-10-03 02:52:01'),(7,'è§’è‰²ç®¡ç†',1,'com.ruoyi.web.controller.system.SysRoleController.addSave()','POST',1,'admin','ç ”å‘éƒ¨é—¨','/system/role/add','127.0.0.1','å†…ç½‘IP','{\"roleName\":[\"ä¹¦ç±ç¼–è¾‘\"],\"roleKey\":[\"editor\"],\"roleSort\":[\"1\"],\"status\":[\"0\"],\"remark\":[\"\"],\"menuIds\":[\"\"]}','{\"msg\":\"æ“ä½œæˆåŠŸ\",\"code\":0}',0,NULL,'2021-10-03 03:00:49'),(8,'ä»£ç ç”Ÿæˆ',6,'com.ruoyi.generator.controller.GenController.importTableSave()','POST',1,'admin','ç ”å‘éƒ¨é—¨','/tool/gen/importTable','127.0.0.1','å†…ç½‘IP','{\"tables\":[\"sys_user_post\"]}','{\"msg\":\"æ“ä½œæˆåŠŸ\",\"code\":0}',0,NULL,'2021-10-03 03:05:06'),(9,'èœå•ç®¡ç†',1,'com.ruoyi.web.controller.system.SysMenuController.addSave()','POST',1,'admin','ç ”å‘éƒ¨é—¨','/system/menu/add','127.0.0.1','å†…ç½‘IP','{\"parentId\":[\"0\"],\"menuType\":[\"C\"],\"menuName\":[\"ä¹¦ç±ç®¡ç†\"],\"url\":[\"\"],\"target\":[\"menuItem\"],\"perms\":[\"\"],\"orderNum\":[\"2\"],\"icon\":[\"\"],\"visible\":[\"0\"],\"isRefresh\":[\"1\"]}','{\"msg\":\"æ“ä½œæˆåŠŸ\",\"code\":0}',0,NULL,'2021-10-03 03:07:44'),(10,'èœå•ç®¡ç†',2,'com.ruoyi.web.controller.system.SysMenuController.editSave()','POST',1,'admin','ç ”å‘éƒ¨é—¨','/system/menu/edit','127.0.0.1','å†…ç½‘IP','{\"menuId\":[\"1062\"],\"parentId\":[\"0\"],\"menuType\":[\"M\"],\"menuName\":[\"ä¹¦ç±ç®¡ç†\"],\"url\":[\"#\"],\"target\":[\"menuItem\"],\"perms\":[\"\"],\"orderNum\":[\"2\"],\"icon\":[\"#\"],\"visible\":[\"0\"],\"isRefresh\":[\"1\"]}','{\"msg\":\"æ“ä½œæˆåŠŸ\",\"code\":0}',0,NULL,'2021-10-03 03:07:58'),(11,'èœå•ç®¡ç†',1,'com.ruoyi.web.controller.system.SysMenuController.addSave()','POST',1,'admin','ç ”å‘éƒ¨é—¨','/system/menu/add','127.0.0.1','å†…ç½‘IP','{\"parentId\":[\"1062\"],\"menuType\":[\"C\"],\"menuName\":[\"å…¨éƒ¨æ•°æ®ç®¡ç†\"],\"url\":[\"\"],\"target\":[\"menuItem\"],\"perms\":[\"\"],\"orderNum\":[\"2\"],\"icon\":[\"\"],\"visible\":[\"0\"],\"isRefresh\":[\"1\"]}','{\"msg\":\"æ“ä½œæˆåŠŸ\",\"code\":0}',0,NULL,'2021-10-03 03:08:44'),(12,'èœå•ç®¡ç†',2,'com.ruoyi.web.controller.system.SysMenuController.editSave()','POST',1,'admin','ç ”å‘éƒ¨é—¨','/system/menu/edit','127.0.0.1','å†…ç½‘IP','{\"menuId\":[\"1063\"],\"parentId\":[\"1062\"],\"menuType\":[\"C\"],\"menuName\":[\"å…¨éƒ¨æ•°æ®ç®¡ç†\"],\"url\":[\"/book/manage\"],\"target\":[\"menuItem\"],\"perms\":[\"\"],\"orderNum\":[\"2\"],\"icon\":[\"#\"],\"visible\":[\"0\"],\"isRefresh\":[\"1\"]}','{\"msg\":\"æ“ä½œæˆåŠŸ\",\"code\":0}',0,NULL,'2021-10-03 03:09:27'),(13,'è§’è‰²ç®¡ç†',2,'com.ruoyi.web.controller.system.SysRoleController.editSave()','POST',1,'admin','ç ”å‘éƒ¨é—¨','/system/role/edit','127.0.0.1','å†…ç½‘IP','{\"roleId\":[\"3\"],\"roleName\":[\"ä¹¦ç±ç¼–è¾‘\"],\"roleKey\":[\"editor\"],\"roleSort\":[\"1\"],\"status\":[\"0\"],\"remark\":[\"\"],\"menuIds\":[\"1062,1063\"]}','{\"msg\":\"æ“ä½œæˆåŠŸ\",\"code\":0}',0,NULL,'2021-10-03 03:09:45'),(14,'éƒ¨é—¨ç®¡ç†',2,'com.ruoyi.web.controller.system.SysDeptController.editSave()','POST',1,'admin','ç ”å‘éƒ¨é—¨','/system/dept/edit','127.0.0.1','å†…ç½‘IP','{\"deptId\":[\"101\"],\"parentId\":[\"100\"],\"parentName\":[\"è‹¥ä¾ç§‘æŠ€\"],\"deptName\":[\"ç¼–è¾‘éƒ¨\"],\"orderNum\":[\"1\"],\"leader\":[\"è‹¥ä¾\"],\"phone\":[\"15888888888\"],\"email\":[\"ry@qq.com\"],\"status\":[\"0\"]}','{\"msg\":\"æ“ä½œæˆåŠŸ\",\"code\":0}',0,NULL,'2021-10-03 03:10:38'),(15,'éƒ¨é—¨ç®¡ç†',3,'com.ruoyi.web.controller.system.SysDeptController.remove()','GET',1,'admin','ç ”å‘éƒ¨é—¨','/system/dept/remove/110','127.0.0.1','å†…ç½‘IP','110','{\"msg\":\"æ“ä½œæˆåŠŸ\",\"code\":0}',0,NULL,'2021-10-03 03:10:52'),(16,'ç”¨æˆ·ç®¡ç†',1,'com.ruoyi.web.controller.system.SysUserController.addSave()','POST',1,'admin','ç ”å‘éƒ¨é—¨','/system/user/add','127.0.0.1','å†…ç½‘IP','{\"deptId\":[\"101\"],\"userName\":[\"editor\"],\"deptName\":[\"ç¼–è¾‘éƒ¨\"],\"phonenumber\":[\"18817374841\"],\"email\":[\"\"],\"loginName\":[\"editor\"],\"sex\":[\"0\"],\"role\":[\"3\"],\"remark\":[\"\"],\"status\":[\"0\"],\"roleIds\":[\"3\"],\"postIds\":[\"4\"]}','{\"msg\":\"æ“ä½œæˆåŠŸ\",\"code\":0}',0,NULL,'2021-10-03 03:11:57'),(17,'è§’è‰²ç®¡ç†',2,'com.ruoyi.web.controller.system.SysRoleController.editSave()','POST',1,'admin','ç ”å‘éƒ¨é—¨','/system/role/edit','127.0.0.1','å†…ç½‘IP','{\"roleId\":[\"3\"],\"roleName\":[\"ä¹¦ç±ç¼–è¾‘\"],\"roleKey\":[\"editor\"],\"roleSort\":[\"1\"],\"status\":[\"0\"],\"remark\":[\"\"],\"menuIds\":[\"1062,1063\"]}','{\"msg\":\"æ“ä½œæˆåŠŸ\",\"code\":0}',0,NULL,'2021-10-05 08:57:11'),(18,'è§’è‰²ç®¡ç†',2,'com.ruoyi.web.controller.system.SysRoleController.editSave()','POST',1,'admin','ç ”å‘éƒ¨é—¨','/system/role/edit','127.0.0.1','å†…ç½‘IP','{\"roleId\":[\"3\"],\"roleName\":[\"ä¹¦ç±ç¼–è¾‘\"],\"roleKey\":[\"editor\"],\"roleSort\":[\"1\"],\"status\":[\"0\"],\"remark\":[\"\"],\"menuIds\":[\"1062,1063\"]}','{\"msg\":\"æ“ä½œæˆåŠŸ\",\"code\":0}',0,NULL,'2021-10-05 08:57:27'),(19,'èœå•ç®¡ç†',1,'com.ruoyi.web.controller.system.SysMenuController.addSave()','POST',1,'admin','ç ”å‘éƒ¨é—¨','/system/menu/add','127.0.0.1','å†…ç½‘IP','{\"parentId\":[\"1062\"],\"menuType\":[\"C\"],\"menuName\":[\"ç”¨æˆ·ç®¡ç†\"],\"url\":[\"\"],\"target\":[\"menuItem\"],\"perms\":[\"\"],\"orderNum\":[\"2\"],\"icon\":[\"\"],\"visible\":[\"0\"],\"isRefresh\":[\"1\"]}','{\"msg\":\"æ“ä½œæˆåŠŸ\",\"code\":0}',0,NULL,'2021-10-05 10:33:15'),(20,'èœå•ç®¡ç†',2,'com.ruoyi.web.controller.system.SysMenuController.editSave()','POST',1,'admin','ç ”å‘éƒ¨é—¨','/system/menu/edit','127.0.0.1','å†…ç½‘IP','{\"menuId\":[\"1064\"],\"parentId\":[\"1062\"],\"menuType\":[\"C\"],\"menuName\":[\"ç”¨æˆ·ç®¡ç†\"],\"url\":[\"/book/user\"],\"target\":[\"menuItem\"],\"perms\":[\"\"],\"orderNum\":[\"2\"],\"icon\":[\"#\"],\"visible\":[\"0\"],\"isRefresh\":[\"1\"]}','{\"msg\":\"æ“ä½œæˆåŠŸ\",\"code\":0}',0,NULL,'2021-10-05 10:33:34'),(21,'è§’è‰²ç®¡ç†',2,'com.ruoyi.web.controller.system.SysRoleController.editSave()','POST',1,'admin','ç ”å‘éƒ¨é—¨','/system/role/edit','127.0.0.1','å†…ç½‘IP','{\"roleId\":[\"3\"],\"roleName\":[\"ä¹¦ç±ç¼–è¾‘\"],\"roleKey\":[\"editor\"],\"roleSort\":[\"1\"],\"status\":[\"0\"],\"remark\":[\"\"],\"menuIds\":[\"1062,1063,1064\"]}','{\"msg\":\"æ“ä½œæˆåŠŸ\",\"code\":0}',0,NULL,'2021-10-05 10:34:32'),(22,'èœå•ç®¡ç†',1,'com.ruoyi.web.controller.system.SysMenuController.addSave()','POST',1,'admin','ç ”å‘éƒ¨é—¨','/system/menu/add','127.0.0.1','å†…ç½‘IP','{\"parentId\":[\"1062\"],\"menuType\":[\"C\"],\"menuName\":[\"åˆé›†ç®¡ç†\"],\"url\":[\"/book/collection\"],\"target\":[\"menuItem\"],\"perms\":[\"\"],\"orderNum\":[\"2\"],\"icon\":[\"\"],\"visible\":[\"0\"],\"isRefresh\":[\"1\"]}','{\"msg\":\"æ“ä½œæˆåŠŸ\",\"code\":0}',0,NULL,'2021-10-07 05:04:04'),(23,'è§’è‰²ç®¡ç†',2,'com.ruoyi.web.controller.system.SysRoleController.editSave()','POST',1,'admin','ç ”å‘éƒ¨é—¨','/system/role/edit','127.0.0.1','å†…ç½‘IP','{\"roleId\":[\"3\"],\"roleName\":[\"ä¹¦ç±ç¼–è¾‘\"],\"roleKey\":[\"editor\"],\"roleSort\":[\"1\"],\"status\":[\"0\"],\"remark\":[\"\"],\"menuIds\":[\"1062,1063,1064,1065\"]}','{\"msg\":\"æ“ä½œæˆåŠŸ\",\"code\":0}',0,NULL,'2021-10-07 05:04:24');
/*!40000 ALTER TABLE `sys_oper_log` ENABLE KEYS */;
UNLOCK TABLES;

--
-- Table structure for table `sys_post`
--

DROP TABLE IF EXISTS `sys_post`;
/*!40101 SET @saved_cs_client     = @@character_set_client */;
/*!50503 SET character_set_client = utf8mb4 */;
CREATE TABLE `sys_post` (
  `post_id` bigint(20) NOT NULL AUTO_INCREMENT COMMENT 'å²—ä½ID',
  `post_code` varchar(64) NOT NULL COMMENT 'å²—ä½ç¼–ç ',
  `post_name` varchar(50) NOT NULL COMMENT 'å²—ä½åç§°',
  `post_sort` int(4) NOT NULL COMMENT 'æ˜¾ç¤ºé¡ºåº',
  `status` char(1) NOT NULL COMMENT 'çŠ¶æ€ï¼ˆ0æ­£å¸¸ 1åœç”¨ï¼‰',
  `create_by` varchar(64) DEFAULT '' COMMENT 'åˆ›å»ºè€…',
  `create_time` datetime DEFAULT NULL COMMENT 'åˆ›å»ºæ—¶é—´',
  `update_by` varchar(64) DEFAULT '' COMMENT 'æ›´æ–°è€…',
  `update_time` datetime DEFAULT NULL COMMENT 'æ›´æ–°æ—¶é—´',
  `remark` varchar(500) DEFAULT NULL COMMENT 'å¤‡æ³¨',
  PRIMARY KEY (`post_id`)
) ENGINE=InnoDB AUTO_INCREMENT=5 DEFAULT CHARSET=utf8 COMMENT='å²—ä½ä¿¡æ¯è¡¨';
/*!40101 SET character_set_client = @saved_cs_client */;

--
-- Dumping data for table `sys_post`
--

LOCK TABLES `sys_post` WRITE;
/*!40000 ALTER TABLE `sys_post` DISABLE KEYS */;
INSERT INTO `sys_post` VALUES (1,'ceo','è‘£äº‹é•¿',1,'0','admin','2021-08-09 13:10:03','',NULL,''),(2,'se','é¡¹ç›®ç»ç†',2,'0','admin','2021-08-09 13:10:03','',NULL,''),(3,'hr','äººåŠ›èµ„æº',3,'0','admin','2021-08-09 13:10:03','',NULL,''),(4,'user','æ™®é€šå‘˜å·¥',4,'0','admin','2021-08-09 13:10:03','',NULL,'');
/*!40000 ALTER TABLE `sys_post` ENABLE KEYS */;
UNLOCK TABLES;

--
-- Table structure for table `sys_role`
--

DROP TABLE IF EXISTS `sys_role`;
/*!40101 SET @saved_cs_client     = @@character_set_client */;
/*!50503 SET character_set_client = utf8mb4 */;
CREATE TABLE `sys_role` (
  `role_id` bigint(20) NOT NULL AUTO_INCREMENT COMMENT 'è§’è‰²ID',
  `role_name` varchar(30) NOT NULL COMMENT 'è§’è‰²åç§°',
  `role_key` varchar(100) NOT NULL COMMENT 'è§’è‰²æƒé™å­—ç¬¦ä¸²',
  `role_sort` int(4) NOT NULL COMMENT 'æ˜¾ç¤ºé¡ºåº',
  `data_scope` char(1) DEFAULT '1' COMMENT 'æ•°æ®èŒƒå›´ï¼ˆ1ï¼šå…¨éƒ¨æ•°æ®æƒé™ 2ï¼šè‡ªå®šæ•°æ®æƒé™ 3ï¼šæœ¬éƒ¨é—¨æ•°æ®æƒé™ 4ï¼šæœ¬éƒ¨é—¨åŠä»¥ä¸‹æ•°æ®æƒé™ï¼‰',
  `status` char(1) NOT NULL COMMENT 'è§’è‰²çŠ¶æ€ï¼ˆ0æ­£å¸¸ 1åœç”¨ï¼‰',
  `del_flag` char(1) DEFAULT '0' COMMENT 'åˆ é™¤æ ‡å¿—ï¼ˆ0ä»£è¡¨å­˜åœ¨ 2ä»£è¡¨åˆ é™¤ï¼‰',
  `create_by` varchar(64) DEFAULT '' COMMENT 'åˆ›å»ºè€…',
  `create_time` datetime DEFAULT NULL COMMENT 'åˆ›å»ºæ—¶é—´',
  `update_by` varchar(64) DEFAULT '' COMMENT 'æ›´æ–°è€…',
  `update_time` datetime DEFAULT NULL COMMENT 'æ›´æ–°æ—¶é—´',
  `remark` varchar(500) DEFAULT NULL COMMENT 'å¤‡æ³¨',
  PRIMARY KEY (`role_id`)
) ENGINE=InnoDB AUTO_INCREMENT=4 DEFAULT CHARSET=utf8 COMMENT='è§’è‰²ä¿¡æ¯è¡¨';
/*!40101 SET character_set_client = @saved_cs_client */;

--
-- Dumping data for table `sys_role`
--

LOCK TABLES `sys_role` WRITE;
/*!40000 ALTER TABLE `sys_role` DISABLE KEYS */;
INSERT INTO `sys_role` VALUES (1,'è¶…çº§ç®¡ç†å‘˜','admin',1,'1','0','0','admin','2021-08-09 13:10:03','',NULL,'è¶…çº§ç®¡ç†å‘˜'),(2,'æ™®é€šè§’è‰²','common',2,'2','0','0','admin','2021-08-09 13:10:03','',NULL,'æ™®é€šè§’è‰²'),(3,'ä¹¦ç±ç¼–è¾‘','editor',1,'1','0','0','admin','2021-10-03 03:00:49','admin','2021-10-07 05:04:24','');
/*!40000 ALTER TABLE `sys_role` ENABLE KEYS */;
UNLOCK TABLES;

--
-- Table structure for table `sys_role_dept`
--

DROP TABLE IF EXISTS `sys_role_dept`;
/*!40101 SET @saved_cs_client     = @@character_set_client */;
/*!50503 SET character_set_client = utf8mb4 */;
CREATE TABLE `sys_role_dept` (
  `role_id` bigint(20) NOT NULL COMMENT 'è§’è‰²ID',
  `dept_id` bigint(20) NOT NULL COMMENT 'éƒ¨é—¨ID',
  PRIMARY KEY (`role_id`,`dept_id`)
) ENGINE=InnoDB DEFAULT CHARSET=utf8 COMMENT='è§’è‰²å’Œéƒ¨é—¨å…³è”è¡¨';
/*!40101 SET character_set_client = @saved_cs_client */;

--
-- Dumping data for table `sys_role_dept`
--

LOCK TABLES `sys_role_dept` WRITE;
/*!40000 ALTER TABLE `sys_role_dept` DISABLE KEYS */;
INSERT INTO `sys_role_dept` VALUES (2,100),(2,101),(2,105);
/*!40000 ALTER TABLE `sys_role_dept` ENABLE KEYS */;
UNLOCK TABLES;

--
-- Table structure for table `sys_role_menu`
--

DROP TABLE IF EXISTS `sys_role_menu`;
/*!40101 SET @saved_cs_client     = @@character_set_client */;
/*!50503 SET character_set_client = utf8mb4 */;
CREATE TABLE `sys_role_menu` (
  `role_id` bigint(20) NOT NULL COMMENT 'è§’è‰²ID',
  `menu_id` bigint(20) NOT NULL COMMENT 'èœå•ID',
  PRIMARY KEY (`role_id`,`menu_id`)
) ENGINE=InnoDB DEFAULT CHARSET=utf8 COMMENT='è§’è‰²å’Œèœå•å…³è”è¡¨';
/*!40101 SET character_set_client = @saved_cs_client */;

--
-- Dumping data for table `sys_role_menu`
--

LOCK TABLES `sys_role_menu` WRITE;
/*!40000 ALTER TABLE `sys_role_menu` DISABLE KEYS */;
INSERT INTO `sys_role_menu` VALUES (2,1),(2,2),(2,3),(2,4),(2,100),(2,101),(2,102),(2,103),(2,104),(2,105),(2,106),(2,107),(2,108),(2,109),(2,110),(2,111),(2,112),(2,113),(2,114),(2,115),(2,116),(2,500),(2,501),(2,1000),(2,1001),(2,1002),(2,1003),(2,1004),(2,1005),(2,1006),(2,1007),(2,1008),(2,1009),(2,1010),(2,1011),(2,1012),(2,1013),(2,1014),(2,1015),(2,1016),(2,1017),(2,1018),(2,1019),(2,1020),(2,1021),(2,1022),(2,1023),(2,1024),(2,1025),(2,1026),(2,1027),(2,1028),(2,1029),(2,1030),(2,1031),(2,1032),(2,1033),(2,1034),(2,1035),(2,1036),(2,1037),(2,1038),(2,1039),(2,1040),(2,1041),(2,1042),(2,1043),(2,1044),(2,1045),(2,1046),(2,1047),(2,1048),(2,1049),(2,1050),(2,1051),(2,1052),(2,1053),(2,1054),(2,1055),(2,1056),(2,1057),(2,1058),(2,1059),(2,1060),(2,1061),(3,1062),(3,1063),(3,1064),(3,1065);
/*!40000 ALTER TABLE `sys_role_menu` ENABLE KEYS */;
UNLOCK TABLES;

--
-- Table structure for table `sys_user`
--

DROP TABLE IF EXISTS `sys_user`;
/*!40101 SET @saved_cs_client     = @@character_set_client */;
/*!50503 SET character_set_client = utf8mb4 */;
CREATE TABLE `sys_user` (
  `user_id` bigint(20) NOT NULL AUTO_INCREMENT COMMENT 'ç”¨æˆ·ID',
  `dept_id` bigint(20) DEFAULT NULL COMMENT 'éƒ¨é—¨ID',
  `login_name` varchar(30) NOT NULL COMMENT 'ç™»å½•è´¦å·',
  `user_name` varchar(30) DEFAULT '' COMMENT 'ç”¨æˆ·æ˜µç§°',
  `user_type` varchar(2) DEFAULT '00' COMMENT 'ç”¨æˆ·ç±»å‹ï¼ˆ00ç³»ç»Ÿç”¨æˆ· 01æ³¨å†Œç”¨æˆ·ï¼‰',
  `email` varchar(50) DEFAULT '' COMMENT 'ç”¨æˆ·é‚®ç®±',
  `phonenumber` varchar(11) DEFAULT '' COMMENT 'æ‰‹æœºå·ç ',
  `sex` char(1) DEFAULT '0' COMMENT 'ç”¨æˆ·æ€§åˆ«ï¼ˆ0ç”· 1å¥³ 2æœªçŸ¥ï¼‰',
  `avatar` varchar(100) DEFAULT '' COMMENT 'å¤´åƒè·¯å¾„',
  `password` varchar(50) DEFAULT '' COMMENT 'å¯†ç ',
  `salt` varchar(20) DEFAULT '' COMMENT 'ç›åŠ å¯†',
  `status` char(1) DEFAULT '0' COMMENT 'å¸å·çŠ¶æ€ï¼ˆ0æ­£å¸¸ 1åœç”¨ï¼‰',
  `del_flag` char(1) DEFAULT '0' COMMENT 'åˆ é™¤æ ‡å¿—ï¼ˆ0ä»£è¡¨å­˜åœ¨ 2ä»£è¡¨åˆ é™¤ï¼‰',
  `login_ip` varchar(128) DEFAULT '' COMMENT 'æœ€åç™»å½•IP',
  `login_date` datetime DEFAULT NULL COMMENT 'æœ€åç™»å½•æ—¶é—´',
  `pwd_update_date` datetime DEFAULT NULL COMMENT 'å¯†ç æœ€åæ›´æ–°æ—¶é—´',
  `create_by` varchar(64) DEFAULT '' COMMENT 'åˆ›å»ºè€…',
  `create_time` datetime DEFAULT NULL COMMENT 'åˆ›å»ºæ—¶é—´',
  `update_by` varchar(64) DEFAULT '' COMMENT 'æ›´æ–°è€…',
  `update_time` datetime DEFAULT NULL COMMENT 'æ›´æ–°æ—¶é—´',
  `remark` varchar(500) DEFAULT NULL COMMENT 'å¤‡æ³¨',
  PRIMARY KEY (`user_id`)
) ENGINE=InnoDB AUTO_INCREMENT=4 DEFAULT CHARSET=utf8 COMMENT='ç”¨æˆ·ä¿¡æ¯è¡¨';
/*!40101 SET character_set_client = @saved_cs_client */;

--
-- Dumping data for table `sys_user`
--

LOCK TABLES `sys_user` WRITE;
/*!40000 ALTER TABLE `sys_user` DISABLE KEYS */;
INSERT INTO `sys_user` VALUES (1,103,'admin','è‹¥ä¾','00','ry@163.com','15888888888','0','','29c67a30398638269fe600f73a054934','111111','0','0','127.0.0.1','2021-10-07 13:03:19','2021-08-09 13:10:02','admin','2021-08-09 13:10:02','','2021-10-07 05:03:18','ç®¡ç†å‘˜'),(2,105,'ry','è‹¥ä¾','00','ry@qq.com','15666666666','1','','8e6d98b90472783cc73c17047ddccf36','222222','0','0','127.0.0.1','2021-08-09 13:10:02','2021-08-09 13:10:02','admin','2021-08-09 13:10:02','',NULL,'æµ‹è¯•å‘˜'),(3,101,'editor','editor','00','','18817374841','0','','414dbb0b0f1b9e6ad95e9150608fe42b','b25747','0','0','127.0.0.1','2021-10-08 10:49:05',NULL,'admin','2021-10-03 03:11:56','','2021-10-08 02:49:04',NULL);
/*!40000 ALTER TABLE `sys_user` ENABLE KEYS */;
UNLOCK TABLES;

--
-- Table structure for table `sys_user_online`
--

DROP TABLE IF EXISTS `sys_user_online`;
/*!40101 SET @saved_cs_client     = @@character_set_client */;
/*!50503 SET character_set_client = utf8mb4 */;
CREATE TABLE `sys_user_online` (
  `sessionId` varchar(50) NOT NULL DEFAULT '' COMMENT 'ç”¨æˆ·ä¼šè¯id',
  `login_name` varchar(50) DEFAULT '' COMMENT 'ç™»å½•è´¦å·',
  `dept_name` varchar(50) DEFAULT '' COMMENT 'éƒ¨é—¨åç§°',
  `ipaddr` varchar(128) DEFAULT '' COMMENT 'ç™»å½•IPåœ°å€',
  `login_location` varchar(255) DEFAULT '' COMMENT 'ç™»å½•åœ°ç‚¹',
  `browser` varchar(50) DEFAULT '' COMMENT 'æµè§ˆå™¨ç±»å‹',
  `os` varchar(50) DEFAULT '' COMMENT 'æ“ä½œç³»ç»Ÿ',
  `status` varchar(10) DEFAULT '' COMMENT 'åœ¨çº¿çŠ¶æ€on_lineåœ¨çº¿off_lineç¦»çº¿',
  `start_timestamp` datetime DEFAULT NULL COMMENT 'sessionåˆ›å»ºæ—¶é—´',
  `last_access_time` datetime DEFAULT NULL COMMENT 'sessionæœ€åè®¿é—®æ—¶é—´',
  `expire_time` int(5) DEFAULT '0' COMMENT 'è¶…æ—¶æ—¶é—´ï¼Œå•ä½ä¸ºåˆ†é’Ÿ',
  PRIMARY KEY (`sessionId`)
) ENGINE=InnoDB DEFAULT CHARSET=utf8 COMMENT='åœ¨çº¿ç”¨æˆ·è®°å½•';
/*!40101 SET character_set_client = @saved_cs_client */;

--
-- Dumping data for table `sys_user_online`
--

LOCK TABLES `sys_user_online` WRITE;
/*!40000 ALTER TABLE `sys_user_online` DISABLE KEYS */;
INSERT INTO `sys_user_online` VALUES ('70fa3240-04bc-4af2-9992-7d5ba75acb57','editor','ç¼–è¾‘éƒ¨','127.0.0.1','å†…ç½‘IP','Chrome 9','Linux','on_line','2021-10-08 10:44:03','2021-10-08 10:54:21',1800000);
/*!40000 ALTER TABLE `sys_user_online` ENABLE KEYS */;
UNLOCK TABLES;

--
-- Table structure for table `sys_user_post`
--

DROP TABLE IF EXISTS `sys_user_post`;
/*!40101 SET @saved_cs_client     = @@character_set_client */;
/*!50503 SET character_set_client = utf8mb4 */;
CREATE TABLE `sys_user_post` (
  `user_id` bigint(20) NOT NULL COMMENT 'ç”¨æˆ·ID',
  `post_id` bigint(20) NOT NULL COMMENT 'å²—ä½ID',
  PRIMARY KEY (`user_id`,`post_id`)
) ENGINE=InnoDB DEFAULT CHARSET=utf8 COMMENT='ç”¨æˆ·ä¸å²—ä½å…³è”è¡¨';
/*!40101 SET character_set_client = @saved_cs_client */;

--
-- Dumping data for table `sys_user_post`
--

LOCK TABLES `sys_user_post` WRITE;
/*!40000 ALTER TABLE `sys_user_post` DISABLE KEYS */;
INSERT INTO `sys_user_post` VALUES (1,1),(2,2),(3,4);
/*!40000 ALTER TABLE `sys_user_post` ENABLE KEYS */;
UNLOCK TABLES;

--
-- Table structure for table `sys_user_role`
--

DROP TABLE IF EXISTS `sys_user_role`;
/*!40101 SET @saved_cs_client     = @@character_set_client */;
/*!50503 SET character_set_client = utf8mb4 */;
CREATE TABLE `sys_user_role` (
  `user_id` bigint(20) NOT NULL COMMENT 'ç”¨æˆ·ID',
  `role_id` bigint(20) NOT NULL COMMENT 'è§’è‰²ID',
  PRIMARY KEY (`user_id`,`role_id`)
) ENGINE=InnoDB DEFAULT CHARSET=utf8 COMMENT='ç”¨æˆ·å’Œè§’è‰²å…³è”è¡¨';
/*!40101 SET character_set_client = @saved_cs_client */;

--
-- Dumping data for table `sys_user_role`
--

LOCK TABLES `sys_user_role` WRITE;
/*!40000 ALTER TABLE `sys_user_role` DISABLE KEYS */;
INSERT INTO `sys_user_role` VALUES (1,1),(2,2),(3,3);
/*!40000 ALTER TABLE `sys_user_role` ENABLE KEYS */;
UNLOCK TABLES;
/*!40103 SET TIME_ZONE=@OLD_TIME_ZONE */;

/*!40101 SET SQL_MODE=@OLD_SQL_MODE */;
/*!40014 SET FOREIGN_KEY_CHECKS=@OLD_FOREIGN_KEY_CHECKS */;
/*!40014 SET UNIQUE_CHECKS=@OLD_UNIQUE_CHECKS */;
/*!40101 SET CHARACTER_SET_CLIENT=@OLD_CHARACTER_SET_CLIENT */;
/*!40101 SET CHARACTER_SET_RESULTS=@OLD_CHARACTER_SET_RESULTS */;
/*!40101 SET COLLATION_CONNECTION=@OLD_COLLATION_CONNECTION */;
/*!40111 SET SQL_NOTES=@OLD_SQL_NOTES */;

-- Dump completed on 2021-10-09 22:20:46
